"Topic Area","Topic","Progress Level","Exercise","Problem Understanding (Comprehension)","Clarity and Step-by-Step Explanation","Accuracy of Process (Correctness of Steps)","Correctness of Final Answer","Learning Appropriateness (Is the Explanation Suitable for Learners?)","Generalization (Can the Learner Apply This Method to Similar Problems?)","Technical Terms Explanation","Addressing Common Errors","Explanation"
"Zahlen und Operationen","Zahlen auffassen und darstellen","B","Count objects up to 20","2","2","2","2","2","2","2","1","Steps are clear and logical; addresses errors but needs more clarity on common mistakes."
"Zahlen und Operationen","Zahlen auffassen und darstellen","B","Write 15 in tens and ones","2"," 2"," 2"," 2"," 2"," 1"," 2"," 1","Clear explanation, correct solution, but lacks addressing common errors and generalization slightly limited."
"Zahlen und Operationen","Zahlen auffassen und darstellen","C","Write 234 in expanded form","2","2","2","2","2","2","2","1","Clear explanation, correct method, generalizable; common errors could be better addressed explicitly."
"Zahlen und Operationen","Zahlen auffassen und darstellen","C","Show ½ with a fraction bar","2","2","2","2","2","1","2","1","Clear, structured steps; good explanation for learners; lacks generalization and common error anticipation."
"Zahlen und Operationen","Zahlen auffassen und darstellen","D","Express 3.75 as a fraction","2","2","2","2","2","2","2","1","Clear explanation and structure; comprehensively addressed concepts; slightly lacks in common error anticipation."
"Zahlen und Operationen","Zahlen auffassen und darstellen","D","Convert 27 (base 10) to base 2","2"," 2"," 2"," 2"," 1"," 2"," 1"," 0","Clear explanation, accurate steps, but lacks engagement and does not address common errors."
"Zahlen und Operationen","Zahlen auffassen und darstellen","E","Plot negative numbers on a line","2","2","2","2","2","1","2","1","The solution is clear, accurate, and detailed but generalization and error handling need slight improvement."
"Zahlen und Operationen","Zahlen auffassen und darstellen","E","Illustrate 3/5 as decimal and percent","2","2","2","2","2","2","2","1","Clear explanation with visual aid; minor mention of common decimal and percent conversion errors is missing."
"Zahlen und Operationen","Zahlen auffassen und darstellen","F","Rewrite 2.4×10³ in standard form","1","1","2","2","1","1","1","0","Misunderstands standard form; skips explanation; lacks generalization and error handling. Steps and answer are correct."
"Zahlen und Operationen","Zahlen auffassen und darstellen","F","Represent 125 in binary","2","2","2","2","1","1","1","1","Clear explanation and steps; lacks depth on mistakes and generalizability. Terms need more explanation for learners."
"Zahlen und Operationen","Zahlen auffassen und darstellen","G","Change 5¼ to improper fraction","2","2","2","2","2","2","2","1","Clear, correct method; lacks detailed error anticipation. Suitable explanation for learners and application."
"Zahlen und Operationen","Zahlen auffassen und darstellen","G","Plot ¾, √2, –1.5 on a line","2","2","2","2","2","2","2","1","Clear, accurate instructions, and well-suited for learning but lacks addressing common number line plotting errors."
"Zahlen und Operationen","Zahlen auffassen und darstellen","H","Compare decimal/binary/hex","2","2","2","2","2","2","2","1","Clear, detailed solution but doesn't fully address potential calculation mistakes."
"Zahlen und Operationen","Zahlen auffassen und darstellen","H","Evaluate best representations in context","2"," 2"," 2"," 2"," 2"," 2"," 2"," 1","Clear, comprehensive, and educational solution but insufficient addressing of common errors."
"Zahlen und Operationen","Zahlen ordnen","B","Compare two-digit numbers","2","2","2","2","2","2","2","1","Clear steps, explanations, generalized method, but limited focus on potential common errors learners might make."
"Zahlen und Operationen","Zahlen ordnen","B","Place 5 numbers on a number line","1","2","2","2","1","1","1","0","The solution is clear but lacks detailed explanations for learners and common errors."
"Zahlen und Operationen","Zahlen ordnen","C","Order fractions 1/2, 2/3, 3/4","2","2","2","2","2","2","2","1","Solution is clear and correct, but common errors can be better addressed."
"Zahlen und Operationen","Zahlen ordnen","C","Sort decimals 0.2, 0.15, 0.35","2","2","2","2","2","2","2","1","Clear explanation and steps; terms well-defined, anticipates errors but needs more on common pitfalls."
"Zahlen und Operationen","Zahlen ordnen","D","Round 345.67 to nearest whole/tenth","2","2","2","2","2","2","2","1","Clear explanation, generalizable method, terms well-explained, but could further address common rounding errors."
"Zahlen und Operationen","Zahlen ordnen","D","Explain ordering negative numbers","2"," 2"," 2"," 2"," 2"," 2"," 2"," 1","Clear explanation, logical steps, terms defined; lacks addressing of common errors."
"Zahlen und Operationen","Zahlen ordnen","E","Arrange decimals/fractions/percents","2"," 2"," 2"," 2"," 2"," 2"," 2"," 1","Solution clear, structured, generalizable, suitable for learners, but lacks explicit common error discussion."
"Zahlen und Operationen","Zahlen ordnen","E","Choose rounding strategies for money","1","2","2","2","2","2","2","1","Thorough explanation and clarity, but minimal focus on common rounding mistakes/errors learners might encounter."
"Zahlen und Operationen","Zahlen ordnen","F","Order rational/irrational numbers","2","2","2","2","2","1","2","1","Clear explanation, correct steps, detailed definitions, and logical order; limited generalization and common errors addressed."
"Zahlen und Operationen","Zahlen ordnen","F","Discuss rounding errors (financial)","2"," 2"," 1"," 2"," 2"," 2"," 2"," 1","Clear explanation and understanding; minor process detail issue; addressed technical terms and common errors well."
"Zahlen und Operationen","Zahlen ordnen","G","Compare expressions for x-values","2","2","2","2","2","2","2","1","Explanation is clear, structured, generalizable; could address common errors more robustly."
"Zahlen und Operationen","Zahlen ordnen","G","Use inequalities x<y<z in relationships","2","2","2","1","1","1","2","1","Clear steps, good technical terms, lacks depth in learner engagement, generalization, and common error discussion."
"Zahlen und Operationen","Zahlen ordnen","H","Discuss ordering complex numbers","2","1","2","2","1","1","2","1","Clear explanation, lacks depth, step-wise clarity, and common error focus. Generalizable yet not fully learner-friendly."
"Zahlen und Operationen","Zahlen ordnen","H","Examine modular arithmetic ordering","2"," 2"," 2"," 2"," 2"," 2"," 2"," 1","Clearly structured, generalizable explanation, but needs more emphasis on common modular arithmetic errors."
"Zahlen und Operationen","Operationen verstehen und ausführen","B","Add two-digit numbers mentally","2","2","2","2","2","2","2","1","Clear explanation, correct steps, anticipates mistakes, but common errors section could be more detailed."
"Zahlen und Operationen","Operationen verstehen und ausführen","B","Subtract 42 – 17 and explain","2","2","2","2","2","2","2","2","Clearly explained method, accurate steps, suitable for learners, and addresses common errors and generalizes well."
"Zahlen und Operationen","Operationen verstehen und ausführen","C","Multiply 2-digit by 1-digit (distributive)","2"," 2"," 2"," 2"," 2"," 2"," 2"," 0","Clear method, well-explained but doesn't address common errors."
"Zahlen und Operationen","Operationen verstehen und ausführen","C","Divide 3-digit by 1-digit with remainder","2","2","2","2","2","2","2","1","Clear, correct, and generalizable solution; explains well but needs more emphasis on common errors."
"Zahlen und Operationen","Operationen verstehen und ausführen","D","Use standard algorithm for 234×12","2"," 2"," 2"," 2"," 2"," 2"," 2"," 1","Clear steps, correct calculations, engages learners well, but lacks explicit mention of potential errors."
"Zahlen und Operationen","Operationen verstehen und ausführen","D","Long division with decimals (75.6 ÷ 3.2)","2","2","2","2","2","2","2","0","Solution is clear and accurate but doesn't explicitly address common errors in dividing decimals."
"Zahlen und Operationen","Operationen verstehen und ausführen","E","Use commutative/associative laws","2","2","2","2","2","2","2","0","Clearly structured; well explained; lacks focus on potential common errors."
"Zahlen und Operationen","Operationen verstehen und ausführen","E","Solve real-life percentage problems","2"," 2"," 2"," 2"," 1"," 2"," 2"," 1","Clear explanation, correct steps, and generalizable method; could improve with more learner-friendly language and error anticipation."
"Zahlen und Operationen","Operationen verstehen und ausführen","F","Operate with rational numbers","2","2","2","2","2","2","2","1","Solution is comprehensive and clear, but lacks explicit mention of potential errors or pitfalls for learners."
"Zahlen und Operationen","Operationen verstehen und ausführen","F","Find GCD/LCM via prime factorization","2"," 2"," 2"," 2"," 2"," 2"," 1"," 1","Well-explained, correct, general method. Lacks in-depth term definitions and common error coverage."
"Zahlen und Operationen","Operationen verstehen und ausführen","G","Apply exponent rules","2","2","2","2","2","2","2","1","The solution is clear, comprehensive, and generalizable, but it only briefly addresses common errors."
"Zahlen und Operationen","Operationen verstehen und ausführen","G","Simplify expressions with negative exponents","2","2","2","2","2","2","2","1","Comprehensive, clear guidance, generalizable, but could better anticipate common misconceptions about reciprocal transformation."
"Zahlen und Operationen","Operationen verstehen und ausführen","H","Operate with polynomials (factor, expand)","2","2","2","2","2","2","2","1","A comprehensive guide on polynomials, but common errors discussion could be more detailed."
"Zahlen und Operationen","Operationen verstehen und ausführen","H","Handle surds/advanced symbolic forms","2","2","2","2","2","2","2","2","Comprehensive, clear explanation with generalizable methods; effectively anticipates common errors for effective learner engagement."
"Zahlen und Operationen","Zahlenbeziehungen und Zahlenräume erweitern","B","Identify odd/even to 100","2","2","2","2","2","1","2","1","Clear explanation, accurate steps, all terms defined, but limited emphasis on applying method and common errors."
"Zahlen und Operationen","Zahlenbeziehungen und Zahlenräume erweitern","B","Find multiples of 2, 5, 10","2"," 2"," 2"," 2"," 2"," 2"," 2"," 0","Clear steps, terms explained well, generalizable, needs common errors acknowledgment."
"Zahlen und Operationen","Zahlenbeziehungen und Zahlenräume erweitern","C","Place fractions (1/2, 1/4) on a line","2","2","2","2","2","2","1","1","Clear steps, correct method, generalizable, but lacks some technical term definitions and only partially addresses common errors."
"Zahlen und Operationen","Zahlenbeziehungen und Zahlenräume erweitern","C","Convert 1/2, 3/4 to decimals","2","2","2","2","2","1","2","1","Steps are clear and accurate but limited generalization and common error explanations."
"Zahlen und Operationen","Zahlenbeziehungen und Zahlenräume erweitern","D","Use negative integers (temperature)","2","2","2","2","2","2","2","2","Thorough, clear, and well-structured with attention to process, comprehension, errors, and terms explanation."
"Zahlen und Operationen","Zahlenbeziehungen und Zahlenräume erweitern","D","Add/subtract fractions (unlike denominators)","2","2","2","2","2","2","2","1","Comprehensive, clear steps; addresses terms and generalization; minor focus on common errors."
"Zahlen und Operationen","Zahlenbeziehungen und Zahlenräume erweitern","E","Apply percent calculations","2"," 2"," 2"," 2"," 2"," 2"," 2"," 1","Comprehensive, clear, accurate steps. Well-suited for learners but slightly lacks in addressing common errors."
"Zahlen und Operationen","Zahlenbeziehungen und Zahlenräume erweitern","E","Convert fraction/decimal/percent in word problems","2"," 2"," 2"," 2"," 2"," 2"," 2"," 1","Clear steps, accurate, suitable for learners, addresses methods and terms; slightly lacks in common error explanation."
"Zahlen und Operationen","Zahlenbeziehungen und Zahlenräume erweitern","F","Add/subtract rational expressions","2"," 2"," 2"," 2"," 2"," 2"," 2"," 1","Thorough explanation, correct steps, and clear; could address more common errors."
"Zahlen und Operationen","Zahlenbeziehungen und Zahlenräume erweitern","F","Convert repeating decimals to fractions","2","2","2","2","1","2","2","1","Clear, accurate guide with logical steps; misses common error anticipation; engaging but could better support learners."
"Zahlen und Operationen","Zahlenbeziehungen und Zahlenräume erweitern","G","Distinguish rational vs. irrational","2","2","2","2","1","1","2","1","Clear definitions and logical steps, but lacks engaging explanation for learners and addressing common errors."
"Zahlen und Operationen","Zahlenbeziehungen und Zahlenräume erweitern","G","Approximate √2 or π to given precision","2","2","2","2","1","2","1","1","Comprehensive yet technical, lacks tailored engagement but strongly generalizes and correctly identifies key concepts."
"Zahlen und Operationen","Zahlenbeziehungen und Zahlenräume erweitern","H","Explore complex numbers overview","2"," 2"," 2"," 2"," 2"," 2"," 2"," 1","The solution is comprehensive and clear, but could better address common errors."
"Zahlen und Operationen","Zahlenbeziehungen und Zahlenräume erweitern","H","Extend to advanced sets (complex plane)","2","2","2","2","2","2","2","1","Clear, detailed explanation with correct steps and generalizability; lacks some clarity in addressing common errors."
"Zahlen und Operationen","Rechenstrategien anwenden","B","Mentally add/subtract single-digit to 2-digit","2","2","2","2","2","2","2","2","Solution is clear, comprehensive, accurate, learner-friendly, generalizable, uses correct terms, and addresses common errors effectively."
"Zahlen und Operationen","Rechenstrategien anwenden","B","Explain adding 9 to a number","2"," 2"," 2"," 2"," 2"," 2"," 2"," 1","Clear, detailed instructions and examples; lacks direct mention of common mistakes and their solutions."
"Zahlen und Operationen","Rechenstrategien anwenden","C","Check subtraction by adding","2","2","2","2","2","2","2","1","Clear, logical explanation; learners can generalize. Common errors could be addressed more explicitly."
"Zahlen und Operationen","Rechenstrategien anwenden","C","Use doubling/halving to simplify multiplication","2"," 2"," 2"," 2"," 2"," 2"," 2"," 1","Clear, accurate, understandable strategy. Common errors briefly mentioned but lack detailed explanations."
"Zahlen und Operationen","Rechenstrategien anwenden","D","Estimate 398×52, then verify","2","2","2","2","2","2","2","1","The solution is thorough, but it slightly lacks in addressing potential rounding pitfalls."
"Zahlen und Operationen","Rechenstrategien anwenden","D","Combine mental math & written methods","2","2","2","2","2","1","2","1","Clearly structured method; promotes understanding and engagement; some generalizability and common error awareness present."
"Zahlen und Operationen","Rechenstrategien anwenden","E","Solve multi-step word problems (percents)","2","2","2","2","2","2","2","0","Clear, comprehensive steps; generalizable, suitable for learners; does not address common errors explicitly."
"Zahlen und Operationen","Rechenstrategien anwenden","E","Compare mental vs. written vs. calculator","2","2","2","1","1","2","2","1","Clearly structured but lacks common error discussion and stronger final answer justification needed."
"Zahlen und Operationen","Rechenstrategien anwenden","F","Use factorization for large calculations","2","2","2","2","2","2","2","2","Detailed, clear, correct explanation with generalization and addresses common errors effectively. Well-suited for learners."
"Zahlen und Operationen","Rechenstrategien anwenden","F","Explain error-checking with decimals/fractions","2"," 2"," 2"," 1"," 2"," 2"," 2"," 1","The solution is clear, comprehensive, generalizable, but the final answer's justification and common errors need enhancement."
"Zahlen und Operationen","Rechenstrategien anwenden","G","Approximate solutions (Newton’s method)","2"," 2"," 2"," 2"," 2"," 2"," 2"," 2","The solution is clear, comprehensive, and addresses common errors effectively."
"Zahlen und Operationen","Rechenstrategien anwenden","G","Analyze efficiency of multiple strategies","2"," 2"," 2"," 1"," 2"," 2"," 2"," 1","The solution is clear, comprehensive, and generalizable, but lacks specific discussion on common errors."
"Zahlen und Operationen","Rechenstrategien anwenden","H","Generalize symbolic manipulation strategies","2","2","2","1","1","2","1","1","Thorough process but lacks final justification clarity and misses opportunity to highlight common errors explicitly."
"Zahlen und Operationen","Rechenstrategien anwenden","H","Compare mental, symbolic, tech approaches","2"," 2"," 1"," 2"," 2"," 2"," 2"," 1","Clear explanation, well-structured for learners, anticipates common errors; minor step accuracy issues present."
"Raum und Form","Raumorientierung und Lagebeziehungen","B","Identify left/right in classroom","2","2","2","2","2","2","2","1","Clear steps, contextual, generalizable, explains terms, but could better address common errors."
"Raum und Form","Raumorientierung und Lagebeziehungen","B","Follow directions on a simple grid","2"," 2"," 2"," 2"," 2"," 2"," 2"," 1","Clear steps, well-explained concepts, generalizable method; lacks depth in addressing common errors."
"Raum und Form","Raumorientierung und Lagebeziehungen","C","Plot integer points on a grid","2","2","2","2","2","2","1","1","Comprehensive, clear steps; lacks some explanation of terms/common errors; well-structured and adaptable for learners."
"Raum und Form","Raumorientierung und Lagebeziehungen","C","Describe point locations as (x,y)","2","2","2","2","2","2","2","1","Clear, complete, and generalizable explanation; briefly addresses common errors; suitable for learners."
"Raum und Form","Raumorientierung und Lagebeziehungen","D","Use scale/compass directions on a map","2","2","2","2","2","2","2","1","Clear, structured explanation; comprehensive use of terms but lacks full addressing of common errors."
"Raum und Form","Raumorientierung und Lagebeziehungen","D","Place negative coordinates in four quadrants","2","2","2","2","2","2","2","1","The solution is comprehensive but lacks specific attention to common errors."
"Raum und Form","Raumorientierung und Lagebeziehungen","E","Translate real-world paths into coordinates","2","2","2","2","2","2","2","2","Comprehensive, clear, error-conscious guide, accurately fitting general needs and terms. Suitable for learner engagement and understanding."
"Raum und Form","Raumorientierung und Lagebeziehungen","E","Identify geometry transformations on a plan","2","2","2","2","2","2","2","1","Clear, detailed explanation of transformations; however, explicitly addressing common errors is slightly lacking."
"Raum und Form","Raumorientierung und Lagebeziehungen","F","Use vectors for positions/movements","2","2","2","2","2","2","2","0","Thorough explanation, generalizable, technical terms clear, but lacks addressing common errors explicitly."
"Raum und Form","Raumorientierung und Lagebeziehungen","F","Solve distance/midpoint problems","2","2","2","2","2","2","2","1","Clear, detailed, and correct explanation; could address common errors more explicitly."
"Raum und Form","Raumorientierung und Lagebeziehungen","G","Apply matrices for transformations","2"," 2"," 2"," 1"," 2"," 2"," 2"," 0","Good explanation, clear steps, but lacks addressing common errors."
"Raum und Form","Raumorientierung und Lagebeziehungen","G","Describe 3D coordinates or cross-sections","2"," 2"," 2"," 2"," 2"," 2"," 2"," 0","Addresses each aspect thoroughly, but lacks discussion on common errors faced when interpreting 3D coordinates."
"Raum und Form","Raumorientierung und Lagebeziehungen","H","Advanced vector/matrix in spatial tasks","2","2","2","1","2","2","2","1","Comprehensive solution, accessible and generalizable. Justification and common errors could be more explicit."
"Raum und Form","Raumorientierung und Lagebeziehungen","H","Examine transformations in higher dimensions","2","2","2","1","2","2","2","1","Thorough, clear explanation; misses addressing final answer and common errors comprehensively. Overall, very learner-appropriate."
"Raum und Form","Eigenschaften und Beziehungen von Figuren und Körpern","B","Identify basic shapes (circle, square)","2","2","2","2","2","1","2","1","The solution is clear, accurate, and educational but could enhance generalization and common error discussions."
"Raum und Form","Eigenschaften und Beziehungen von Figuren und Körpern","B","Sort real objects (cube vs. prism)","2"," 2"," 2"," 2"," 2"," 2"," 2"," 1","Detailed and clear with generalizable steps, but lacks explicit mention of common errors like misidentifying shapes."
"Raum und Form","Eigenschaften und Beziehungen von Figuren und Körpern","C","Classify polygons by sides/angles","2"," 2"," 2"," 2"," 2"," 2"," 2"," 1","Comprehensive, clear, and methodical explanation but lacks explicit addressing of common classification errors."
"Raum und Form","Eigenschaften und Beziehungen von Figuren und Körpern","C","Compare shapes by parallel sides or right angles","2"," 2"," 2"," 2"," 2"," 2"," 2"," 1","Clear and well-explained steps; lacks focus on potential learner errors."
"Raum und Form","Eigenschaften und Beziehungen von Figuren und Körpern","D","Name 3D solids & identify nets","2","2","2","1","2","2","2","1","Clear, logical steps and explanations; minor omissions in addressing errors and final justification."
"Raum und Form","Eigenschaften und Beziehungen von Figuren und Körpern","D","Explore angle sums in polygons","2"," 2"," 2"," 2"," 2"," 2"," 2"," 1","Clear, comprehensive, learner-friendly steps; addresses all aspects well but could better highlight common errors."
"Raum und Form","Eigenschaften und Beziehungen von Figuren und Körpern","E","Analyze circle properties (radius, diameter)","2","2","2","2","2","2","2","0","Thorough explanation and clear steps, but lacks explicit focus on addressing common circle-related errors."
"Raum und Form","Eigenschaften und Beziehungen von Figuren und Körpern","E","Find angle sums in polygons (triangles, quadrilaterals)","2"," 2"," 2"," 2"," 2"," 2"," 2"," 0","Clear, accurate, generalizable explanation, but lacks common error discussion."
"Raum und Form","Eigenschaften und Beziehungen von Figuren und Körpern","F","Compare volume/surface area of prisms","1","2","2","1","1","1","1","0","Clear steps, lacks common error handling and detailed explanation suitable for learners. Generalization needs improvement."
"Raum und Form","Eigenschaften und Beziehungen von Figuren und Körpern","F","Recognize Platonic solids (properties)","2","2","2","2","2","2","2","1","Explanations are comprehensive yet doesn't explicitly address potential learning errors effectively."
"Raum und Form","Eigenschaften und Beziehungen von Figuren und Körpern","G","Examine cross-sections of 3D shapes","2","2","2","2","2","2","2","1","Thorough explanation, clear steps, correctly addresses concepts; could enhance error discussion."
"Raum und Form","Eigenschaften und Beziehungen von Figuren und Körpern","G","Use Euler’s formula (faces, edges, vertices)","2","2","2","2","2","2","2","2","Solution thoroughly explains the process, clarifies terms, addresses errors, and is learner-friendly."
"Raum und Form","Eigenschaften und Beziehungen von Figuren und Körpern","H","Investigate complex solids or fractals","2","2","2","2","2","2","2","0","The solution is thorough and clear but lacks a section on addressing common errors."
"Raum und Form","Eigenschaften und Beziehungen von Figuren und Körpern","H","Apply advanced polyhedral geometry","1","2","1","2","1","1","1","0","Explanation comprehensive, steps clear, minor process flaws. Learning suitability moderate; lacks error remediation."
"Raum und Form","Konstruktionen und Zeichnungen","B","Draw a line segment (8 cm) with a ruler","2","2","2","2","2","1","1","1","Clear and accurate steps; lacks generalization and deeper explanation of technical terms and common errors."
"Raum und Form","Konstruktionen und Zeichnungen","B","Draw a rectangle with given sides","2","2","2","2","2","2","2","2","Clear, comprehensive, generalizable steps; addresses common errors with clear term explanations. Suitable for learners."
"Raum und Form","Konstruktionen und Zeichnungen","C","Construct perpendicular lines (set square)","2","2","2","2","2","2","2","1","The solution is clear, well-structured, with technical terms explained, but lacks depth on common errors."
"Raum und Form","Konstruktionen und Zeichnungen","C","Use a compass for a circle (radius given)","2","2","2","2","2","1","2","1","Clear, complete instructions; lacks strong generalization examples; addresses common errors but not thoroughly."
"Raum und Form","Konstruktionen und Zeichnungen","D","Bisect an angle (compass/straightedge)","2"," 2"," 2"," 2"," 1"," 1"," 1"," 1","Clear steps and correct, lacks error guidance and technical term clarity for learners."
"Raum und Form","Konstruktionen und Zeichnungen","D","Construct a triangle (given side lengths)","2","2","2","2","2","2","2","2","Solution is clear, correct, complete, learner-friendly, generalizable, and anticipates and explains common errors effectively."
"Raum und Form","Konstruktionen und Zeichnungen","E","Inscribe a circle in a polygon","1","2","1","1","1","1","1","0","Steps clear but technical; lacks common error guidance and full accuracy; helpful for learners."
"Raum und Form","Konstruktionen und Zeichnungen","E","Construct regular polygons (where possible)","1","2","1","2","1","2","2","1","Solution explains concepts well, offers clear step-by-step instructions, but lacks depth in common error prevention."
"Raum und Form","Konstruktionen und Zeichnungen","F","Use coordinate geometry for precise drawings","2"," 2"," 2"," 2"," 2"," 2"," 2"," 1","Comprehensive, clear steps, accurate, generalizable, ideal for learners, yet partly addresses common errors."
"Raum und Form","Konstruktionen und Zeichnungen","F","Construct complex polygons with software","2","2","2","1","2","2","1","1","Solution is clear, well-structured but lacks clear justification and explanation of technical terms."
"Raum und Form","Konstruktionen und Zeichnungen","G","Analyze geometric loci","2","2","2","2","2","2","2","1","Solution is clear, detailed, and generalizable; common errors need more attention."
"Raum und Form","Konstruktionen und Zeichnungen","G","Demonstrate advanced constructions (Apollonius circles)","2","2","2","2","2","2","2","1","Well-explained, generalizable steps but slightly lacks mention of common errors in construction context."
"Raum und Form","Konstruktionen und Zeichnungen","H","Study constructibility (Galois theory)","2"," 2"," 2"," 2"," 2"," 2"," 2"," 1","Thoroughly explains constructibility; addresses common errors minimally. Well-structured explanation with clear details."
"Raum und Form","Konstruktionen und Zeichnungen","H","Explore higher-dimensional or advanced geometry constructions","2","2","2","1","2","2","2","1","The solution is comprehensive, logical, and clear, but lacks addressing common errors fully."
"Raum und Form","Symmetrien und Abbildungen","B","Fold test for line symmetry","2","2","2","2","2","2","2","1","The solution is clear, thorough, generalizable, accessible, and explains terms well, but common error clarification is minimal."
"Raum und Form","Symmetrien und Abbildungen","B","Make a symmetrical pattern (paper folding)","2","2","2","2","1","2","2","1","Well-explained steps and terms, clear process; lacks depth in engagement and addressing common errors."
"Raum und Form","Symmetrien und Abbildungen","C","Reflect a figure across a grid line","2","2","2","2","2","2","2","1","Clear, logical steps with explanations, full understanding, though doesn't fully address potential reflection errors beyond symmetry."
"Raum und Form","Symmetrien und Abbildungen","C","Describe symmetrical objects (butterfly wings)","2"," 2"," 2"," 1"," 2"," 2"," 2"," 1","Comprehensive, clear, and generalizable; lacks thorough error addressing and justification in the final answer."
"Raum und Form","Symmetrien und Abbildungen","D","Translate/reflect/rotate on coordinates","2","2","2","2","2","2","2","1","Comprehensive, clear explanation; addresses common errors but could expand more on specific examples."
"Raum und Form","Symmetrien und Abbildungen","D","Identify rotational symmetry (square, triangle)","2","2","2","2","2","2","2","0","Clear and correct explanation, generalizable method, all terms defined; however, common errors not explicitly addressed."
"Raum und Form","Symmetrien und Abbildungen","E","Construct symmetry lines for polygons","2","2","2","2","2","2","2","1","Comprehensive and clear explanation, with terminology and process well addressed; common errors could be more explicit."
"Raum und Form","Symmetrien und Abbildungen","E","Compose transformations (reflection then rotation)","2","2","2","2","2","2","2","1","Clear explanation, well-structured steps, and correct terminology; lacks explicit discussion of common errors."
"Raum und Form","Symmetrien und Abbildungen","F","Use transformations to prove congruence","2","2","2","2","2","2","2","1","Thorough, clear explanation of congruence; anticipates common errors but lacks clarity on potential pitfalls."
"Raum und Form","Symmetrien und Abbildungen","F","Investigate tessellations (Escher patterns)","2","2","2","2","2","2","2","1","Solution is thorough, logical, accessible for learners, and explains terms well, but lacks common error discussion."
"Raum und Form","Symmetrien und Abbildungen","G","Represent transformations via vectors/matrices","2"," 2"," 1"," 2"," 1"," 2"," 2"," 0","Clear explanation and generalization, but lacks engagement and doesn't address common errors sufficiently."
"Raum und Form","Symmetrien und Abbildungen","G","Apply inverse transformations to geometry tasks","2","2","2","2","2","2","2","2","Clear, accurate, comprehensive explanation suitable for learners; addresses common errors and uses correct technical terms."
"Raum und Form","Symmetrien und Abbildungen","H","Explore symmetry groups (group theory)","2"," 2"," 2"," 2"," 2"," 2"," 2"," 1","Well-structured, clear, generalizable, accurate; lacks specific mention of common errors."
"Raum und Form","Symmetrien und Abbildungen","H","Real-world symmetry (crystals, physics)","2"," 2"," 2"," 2"," 2"," 2"," 2"," 0","Comprehensive, structured, well-explained but lacks common error handling."
"Raum und Form","Messen und Berechnen","B","Measure objects in cm, compare results","2","2","2","2","2","2","2","2","Clear steps, addresses errors, generalizable method, suitable for learners, terms well-explained, logical and accurate process."
"Raum und Form","Messen und Berechnen","B","Estimate perimeter of a desk, then measure","2","2","2","1","2","2","2","1","Solution is clear, generalizable, and detailed. Lacks a specific final answer and common error discussion."
"Raum und Form","Messen und Berechnen","C","Compute perimeter/area of a rectangle","2"," 2"," 2"," 2"," 2"," 2"," 2"," 1","Clearly structured, accurate steps and explanations; could further address potential errors."
"Raum und Form","Messen und Berechnen","C","Calculate classroom floor area","2","2","2","2","2","2","2","1","Clear steps, well-adapted for learners, but limited focus on addressing common measurement errors."
"Raum und Form","Messen und Berechnen","D","Circumference of a circle (given radius)","2","2","2","2","1","1","2","1","Explanation is clear, accurate, and well-structured, but could further address learning and common errors."
"Raum und Form","Messen und Berechnen","D","Use Pythagorean theorem (right triangle side)","2"," 2"," 2"," 2"," 2"," 2"," 2"," 1","The solution is clear, detailed, correct, and well-explained but lacks specific error prevention."
"Raum und Form","Messen und Berechnen","E","Area of combined shapes (rectangle+triangle)","2"," 2"," 2"," 2"," 2"," 1"," 2"," 0","Clear, structured, general process; lacks addressing common errors."
"Raum und Form","Messen und Berechnen","E","Volume of a cylinder","2","2","2","2","2","2","2","1","Comprehensive, clear explanation with correct calculations; however, lacks focus on potential common measurement-unit errors."
"Raum und Form","Messen und Berechnen","F","Use trigonometry in right triangles","2","2","2","2","2","2","2","1","Exceptionally detailed, well-structured solution; could improve by addressing more common errors explicitly."
"Raum und Form","Messen und Berechnen","F","Compute surface area (pyramids, cones)","2","2","2","2","2","2","2","1","Solution is clear, structured, generalizable; minor improvement needed in addressing common errors."
"Raum und Form","Messen und Berechnen","G","Solve advanced geometry tasks (circle theorems)","2"," 2"," 2"," 2"," 2"," 2"," 1"," 1","Comprehensive, clear guide but lacks full technical term explanations and common error warnings."
"Raum und Form","Messen und Berechnen","G","Apply law of cosines/sines","2","2","2","2","2","2","2","1","Explanations clear and detailed, but common errors only partially addressed."
"Raum und Form","Messen und Berechnen","H","Prove advanced geometry statements","2","2","2","2","2","2","2","1","Comprehensive, logical, correct; well-explained but could better address common errors for learners."
"Raum und Form","Messen und Berechnen","H","Use advanced geometry/trig in real contexts","2"," 2"," 2"," 2"," 2"," 2"," 2"," 1","Clear, structured explanation, anticipates errors but lacks explicit error management tips. Highly suitable for learners."
"Größen und Messen","Größen erfassen und vergleichen","B","Compare length with paperclips","1","2","2","1","1","2","1","1","The solution is clear and logical but lacks full exploration of potential errors and technical terms."
"Größen und Messen","Größen erfassen und vergleichen","B","Sort containers by capacity","2"," 2"," 2"," 2"," 2"," 2"," 2"," 1","Solution is well-structured, clear, easily generalizable, but lacks detailed attention to common errors."
"Größen und Messen","Größen erfassen und vergleichen","C","Measure length in cm/m","2","2","2","2","2","2","2","1","Clear, detailed instructions with proper terms, generalizable steps, but lacks addressing some specific common errors."
"Größen und Messen","Größen erfassen und vergleichen","C","Compare weights with balance scale","2","2","2","2","2","2","2","1","Comprehensive, structured guide but lacks depth in addressing common errors; otherwise clear and educational."
"Größen und Messen","Größen erfassen und vergleichen","D","Estimate length, then measure","2"," 2"," 2"," 1"," 2"," 2"," 2"," 1","Clear and detailed process, suitable for learners, but lacks emphasis on addressing common errors effectively."
"Größen und Messen","Größen erfassen und vergleichen","D","Interpret temperature in Celsius","2","2","2","2","2","2","2","1","The solution is comprehensive, clear, correct, learner-friendly, generalizable, but lacks emphasis on common errors."
"Größen und Messen","Größen erfassen und vergleichen","E","Analyze measurement accuracy","2","2","2","2","2","2","2","2","Thorough explanation, correctly interpreted, structured approach, and well-explained for learners. Addresses errors effectively."
"Größen und Messen","Größen erfassen und vergleichen","E","Compare metric vs. imperial in context","2","2","2","2","2","2","2","1","Comprehensive, clear, generalizable, accurate, engaging; lacks explicit focus on common errors."
"Größen und Messen","Größen erfassen und vergleichen","F","Use precision tools (calipers)","2","2","2","2","2","2","2","1","Clear steps, well-structured for learners, comprehensive technical terms; could address more common errors clearly."
"Größen und Messen","Größen erfassen und vergleichen","F","Discuss error margins in a lab","2"," 2"," 2"," 2"," 2"," 2"," 2"," 1","Solution is comprehensive and clear but lacks explicit mention of common error handling."
"Größen und Messen","Größen erfassen und vergleichen","G","Design an experiment for reliability","2","2","2","2","2","2","2","1","Clear, structured approach with well-defined steps; slightly lacks in addressing potential common errors thoroughly."
"Größen und Messen","Größen erfassen und vergleichen","G","Analyze significant figures in data","2"," 2"," 2"," 1"," 2"," 2"," 2"," 2","Solution fully comprehends significant figures and is systematic, but final answer lacks clarity on context."
"Größen und Messen","Größen erfassen und vergleichen","H","Advanced measurement methods (wave-based)","2"," 2"," 2"," 2"," 2"," 2"," 2"," 1","Comprehensive, clear, and well-structured except for addressing common errors which lacks depth."
"Größen und Messen","Größen erfassen und vergleichen","H","Critique SI vs. alternative systems","1","2","2","2","1","1","1","1","The solution is clear but needs more learner-friendly and generalized explanations."
"Größen und Messen","Umgang mit Maßeinheiten","B","Recognize cm/m for length","2","2","2","2","2","1","2","1","Well-structured and clear explanation but could improve in addressing common errors and increasing generalizability."
"Größen und Messen","Umgang mit Maßeinheiten","B","Identify € for money","2","2","2","2","2","2","2","1","Clear, comprehensive steps; addresses crucial concepts but lacks explicit mention of common errors."
"Größen und Messen","Umgang mit Maßeinheiten","C","Convert cm ↔ m","2","2","2","2","2","2","2","1","Clear, correct, and generalizable explanation, but common errors are only partially addressed."
"Größen und Messen","Umgang mit Maßeinheiten","C","Measure objects in cm","2","2","2","2","2","2","2","1","Comprehensive, clear, correct steps; anticipates errors, but could address more error examples."
"Größen und Messen","Umgang mit Maßeinheiten","D","Convert mm, cm, m, km","2","2","2","2","2","2","2","0","Comprehensive, clear, and accurate method, though could expand on common errors for improved understanding."
"Größen und Messen","Umgang mit Maßeinheiten","D","Solve length/mass word problems","2","2","2","2","2","2","2","1","Clear, thorough steps; addresses common errors but could emphasize them more explicitly for learners."
"Größen und Messen","Umgang mit Maßeinheiten","E","Convert decimals (e.g., 1.25 kg = 1250 g)","2","2","2","2","2","2","2","1","The solution is clear, accurate, generalizable, and engaging, but common errors could be more explicitly discussed."
"Größen und Messen","Umgang mit Maßeinheiten","E","Handle time units (hours ↔ minutes)","2","2","2","2","2","2","2","1","Clear, detailed, and well-structured solution except lacks explicit mention of common mistakes."
"Größen und Messen","Umgang mit Maßeinheiten","F","Compare metric vs. imperial (miles↔km)","2","2","2","2","2","2","2","1","Comprehensive steps, clear explanations, anticipates common errors, but could address rounding clarity."
"Größen und Messen","Umgang mit Maßeinheiten","F","Convert volume units (L, mL, cm³)","2","2","2","2","1","2","2","1","Clear, correct, and general. Needs better engagement and common error anticipation for learners."
"Größen und Messen","Umgang mit Maßeinheiten","G","Use dimensional analysis","2","2","2","2","2","2","2","1","Clear, structured, accurate guide, well-structured for learners; could highlight errors more."
"Größen und Messen","Umgang mit Maßeinheiten","G","Discuss historical/scientific units (parsec)","2","2","2","2","2","2","2","1","Clear, comprehensive steps; technical terms explained. Slightly unclear on addressing common errors."
"Größen und Messen","Umgang mit Maßeinheiten","H","Examine Planck length/light-year","2","2","2","2","2","2","2","1","Solution is comprehensive and clear but briefly addresses common errors."
"Größen und Messen","Umgang mit Maßeinheiten","H","Critique SI vs. universal measurement","2","2","2","1","2","2","2","1","Thorough explanation, logical structure, addresses complexities, but lacks explicit common error discussion and final answer justification."
"Größen und Messen","Berechnungen von Größen","B","Add lengths in cm","2","2","2","2","1","2","2","1","Detailed steps and accuracy are strong; could better address common learner mistakes."
"Größen und Messen","Berechnungen von Größen","B","Combine volumes in liters","2","2","2","2","2","2","2","1","Clear, well-structured guide; misses explicit mention of rounding implications, though addresses conversion errors."
"Größen und Messen","Berechnungen von Größen","C","Compute perimeter from side lengths","2","2","2","2","2","2","2","1","Comprehensive, logical, and clear steps; terms explained well, some common errors not fully addressed."
"Größen und Messen","Berechnungen von Größen","C","Add/subtract weights in g or kg","2","2","2","2","2","2","2","1","Clear, comprehensive approach; anticipates unit conversion errors, needs more on other common mistakes."
"Größen und Messen","Berechnungen von Größen","D","Area of rectangles/squares","2"," 2"," 2"," 2"," 2"," 2"," 2"," 1","Clear, detailed, and correct explanation; addresses most common errors, but could highlight more potential misconceptions."
"Größen und Messen","Berechnungen von Größen","D","Volume (in cm³) of a small box","2","2","2","2","2","1","2","1","The solution is clear, correct, comprehensible, but could better generalize and address common errors."
"Größen und Messen","Berechnungen von Größen","E","Paint wall area or calculate floor area","2"," 2"," 2"," 2"," 2"," 2"," 2"," 1","Clear explanation, generalizable steps, uses technical terms well, addresses errors, but could better clarify common mistakes."
"Größen und Messen","Berechnungen von Größen","E","Use area of triangle/circle formulas","2","2","2","2","2","2","2","1","Solution is clear, accurate, generalizable, and well-explained; common errors could be addressed more thoroughly."
"Größen und Messen","Berechnungen von Größen","F","Calculate speed = distance/time","2","2","2","2","2","2","2","0","Comprehensive and clear explanation, but lacks addressing common calculation errors."
"Größen und Messen","Berechnungen von Größen","F","Convert mph ↔ km/h in real contexts","2","2","2","2","2","1","2","1","Clear, correct, generalizable; lacks broad error anticipation beyond practical tips."
"Größen und Messen","Berechnungen von Größen","G","Surface area/volume of spheres/cones","2","2","2","2","2","2","2","1","Comprehensive, clear steps using formulas; anticipates some mistakes but lacks explicit error discussion."
"Größen und Messen","Berechnungen von Größen","G","Solve optimization of dimensions","2","2","2","2","2","2","2","1","Clear and structured explanation, fully generalizable, well-suited for learners, minor attention to common errors."
"Größen und Messen","Berechnungen von Größen","H","Use integrals for irregular volumes","2","2","2","1","2","2","2","1","Clear steps, terminology, and generalizable methods; however, lacks explicit correct final answer and common error focus."
"Größen und Messen","Berechnungen von Größen","H","Apply advanced dimensional calculations","2","2","2","2","2","2","2","1","Comprehensive, clear, correct solution; slightly lacking in addressing common errors comprehensively."
"Größen und Messen","Größen in Sachzusammenhängen","B","Compare prices in €","1","2","2","2","2","2","1","1","The solution is clear and logical, but lacks technical term explanations and thorough common error addressing."
"Größen und Messen","Größen in Sachzusammenhängen","B","Discuss 5 min vs. 15 min","2","2","2","2","2","2","2","1","Thorough explanation, well-organized steps; slightly lacks in addressing common errors comprehensively."
"Größen und Messen","Größen in Sachzusammenhängen","C","Plan a simple budget","2"," 2"," 2"," 1"," 2"," 2"," 2"," 1","Comprehensive, clear steps, accurate; addresses learning needs and terms but lacks error handling."
"Größen und Messen","Größen in Sachzusammenhängen","C","Estimate travel time (hours/minutes)","2","2","2","2","2","2","2","2","Comprehensive, clear steps, accurate, universally applicable, anticipates errors, and defines terms well."
"Größen und Messen","Größen in Sachzusammenhängen","D","Calculate total grocery cost","2"," 2"," 2"," 2"," 1"," 1"," 2"," 1","Clear steps, correct solution, generalizable; lacks engagement, some common errors not fully addressed."
"Größen und Messen","Größen in Sachzusammenhängen","D","Convert time zones","2","2","2","2","2","2","2","1","Clear, general method provided with accurate steps; missteps in common errors addressed but could be more thorough."
"Größen und Messen","Größen in Sachzusammenhängen","E","Fuel cost per km or partial usage","2","2","2","2","2","2","2","1","Comprehensive, clear, accurate, and generalizable but lacks explicit mention of common errors."
"Größen und Messen","Größen in Sachzusammenhängen","E","Scale a recipe for different portions","2","2","2","2","2","2","2","2","The solution is thorough, clear, generalizable, and addresses common mistakes effectively."
"Größen und Messen","Größen in Sachzusammenhängen","F","Use scale drawings or architectural plans","2","2","2","2","2","2","2","1","Comprehensive and generalizable; terms clear; minor gaps in addressing common errors."
"Größen und Messen","Größen in Sachzusammenhängen","F","Solve tax or interest with unit conversions","2","2","2","2","2","2","2","2","The solution is comprehensive, clear, accurate, and suitable for learners, addressing potential errors effectively."
"Größen und Messen","Größen in Sachzusammenhängen","G","Analyze water/electric bills","2","2","2","2","2","2","2","1","The solution is comprehensive, methodical, and easy for learners but briefly addresses common errors."
"Größen und Messen","Größen in Sachzusammenhängen","G","Plan multi-step resource/time usage","2","2","2","1","2","2","2","1","Clear, structured, and generalizable, but lacks justification for the correct answer and doesn't fully address common errors."
"Größen und Messen","Größen in Sachzusammenhängen","H","Assess large-scale environmental data","2","2","2","1","2","2","2","1","Well-structured and comprehensive guide, clearly explained; slightly lacks justification of conclusions and addressing common errors."
"Größen und Messen","Größen in Sachzusammenhängen","H","Use advanced modeling/simulation","2","2","2","0","2","2","2","1","Clear, structured approach; lacks specific final answer; generally suitable for learners; some common errors acknowledged."
"Daten Häufigkeiten und Wahrscheinlichkeiten","Daten erheben darstellen und lesen","B","Collect data on favorite fruits (tally)","2","2","2","2","2","2","2","1","The solution is clear and comprehensive but can better address potential errors."
"Daten Häufigkeiten und Wahrscheinlichkeiten","Daten erheben darstellen und lesen","B","Make a bar chart of fruit counts","2","2","2","2","2","2","2","1","Solution comprehensive, clear, and generalizable, but underemphasizes common spreadsheet-specific errors."
"Daten Häufigkeiten und Wahrscheinlichkeiten","Daten erheben darstellen und lesen","C","Read values from a line graph","2","2","2","2","2","2","2","1","Comprehensive, clear, and engaging; well-structured with generalizable method; slight improvement in addressing common errors could enhance."
"Daten Häufigkeiten und Wahrscheinlichkeiten","Daten erheben darstellen und lesen","C","Make a table from a short survey","2"," 2"," 2"," 2"," 2"," 2"," 1"," 1","Clear, logical steps, terms mainly well-explained; however, technical explanations and error addressing could be enhanced."
"Daten Häufigkeiten und Wahrscheinlichkeiten","Daten erheben darstellen und lesen","D","Interpret data in a pie chart","2","2","2","2","2","2","2","1","The solution is comprehensive, clear, and educational, but it slightly lacks in discussing common errors."
"Daten Häufigkeiten und Wahrscheinlichkeiten","Daten erheben darstellen und lesen","D","Organize data in a two-way table","2","2","2","2","2","2","2","1","Clear steps, well-explained; anticipates learner needs but could address more common errors."
"Daten Häufigkeiten und Wahrscheinlichkeiten","Daten erheben darstellen und lesen","E","Construct line graphs for time series","2","2","2","2","2","2","2","1","Clear, comprehensive guide; addresses most aspects, but could better anticipate and explain common errors in detail."
"Daten Häufigkeiten und Wahrscheinlichkeiten","Daten erheben darstellen und lesen","E","Analyze misleading scales in graphs","2"," 2"," 2"," 2"," 2"," 2"," 2"," 2","The solution is thorough, logical, engaging, and well-adapted for learners, addressing all key aspects."
"Daten Häufigkeiten und Wahrscheinlichkeiten","Daten erheben darstellen und lesen","F","Use spreadsheets for visualization","2","2","2","2","2","2","2","1","Clear, logical, suitable for learners, but lacks emphasis on common data visualization errors."
"Daten Häufigkeiten und Wahrscheinlichkeiten","Daten erheben darstellen und lesen","F","Discuss sampling methods/bias","2"," 2"," 2"," 2"," 2"," 2"," 2"," 1","Comprehensive, clear, generalizable, well-defined terms; slightly lacks in addressing common errors fully."
"Daten Häufigkeiten und Wahrscheinlichkeiten","Daten erheben darstellen und lesen","G","Make box plots or histograms","2","2","2","2","2","2","2","1","Thorough, clear, step-by-step guidance; addresses most common errors. Detailed and learner-friendly explanations enhance comprehension."
"Daten Häufigkeiten und Wahrscheinlichkeiten","Daten erheben darstellen und lesen","G","Interpret cumulative frequency graphs","2","2","2","2","2","2","2","1","Clear explanation, fully interprets graph concepts, and provides generalizable insights, but lacks in-depth attention to common errors."
"Daten Häufigkeiten und Wahrscheinlichkeiten","Daten erheben darstellen und lesen","H","Apply advanced stats (regression, tests)","2"," 2"," 2"," 2"," 2"," 1"," 2"," 1","The solution is comprehensive, clear, and accurate but limited in addressing common errors and generalization."
"Daten Häufigkeiten und Wahrscheinlichkeiten","Daten erheben darstellen und lesen","H","Evaluate reliability of large data sets","2"," 2"," 2"," 2"," 2"," 2"," 2"," 1","The solution is comprehensive and clear but lacks some common errors considerations."
"Daten Häufigkeiten und Wahrscheinlichkeiten","Daten vergleichen und auswerten","B","Identify mode in a small data set","2","2","2","2","2","2","1","1","Solution is comprehensive and well-structured, but lacks explanation of technical terms and common errors."
"Daten Häufigkeiten und Wahrscheinlichkeiten","Daten vergleichen und auswerten","B","Find largest/smallest in a chart","2","2","2","2","2","2","1","1","Solution is well-structured and generalizable; explanation of technical terms and common errors could be clearer."
"Daten Häufigkeiten und Wahrscheinlichkeiten","Daten vergleichen und auswerten","C","Compute mean of test scores","2"," 2"," 2"," 2"," 1"," 2"," 2"," 1","Clear, detailed, generalizable steps; lacks common error anticipation, slightly limited learning appropriateness."
"Daten Häufigkeiten und Wahrscheinlichkeiten","Daten vergleichen und auswerten","C","Find the range (max-min)","2"," 2"," 2"," 2"," 2"," 2"," 2"," 0","Clear explanation, suitable for learning, but doesn't address common errors."
"Daten Häufigkeiten und Wahrscheinlichkeiten","Daten vergleichen und auswerten","D","Compare two sets by mean/range","2","2","2","2","2","2","1","0","Clear explanation, accurate calculations, but lacks in-depth technical terms clarification and common error discussion."
"Daten Häufigkeiten und Wahrscheinlichkeiten","Daten vergleichen und auswerten","D","Interpret the median in contexts","2"," 2"," 2"," 2"," 2"," 2"," 2"," 1","Comprehensive, logical explanation, engaging for learners, but could further address common errors."
"Daten Häufigkeiten und Wahrscheinlichkeiten","Daten vergleichen und auswerten","E","Explain outliers’ effect on mean/median","2"," 2"," 2"," 2"," 2"," 2"," 2"," 1","Thorough explanation, clear steps, and generalization; lacks explicit mention of common errors but addresses key points."
"Daten Häufigkeiten und Wahrscheinlichkeiten","Daten vergleichen und auswerten","E","Use quartiles/box plots","2","2","2","1","2","2","2","1","Detailed instructions, key terms explained, and comprehensive approach, but lacks justification and common error emphasis."
"Daten Häufigkeiten und Wahrscheinlichkeiten","Daten vergleichen und auswerten","F","Construct & interpret box plots","2","2","2","2","2","2","2","1","Solution is detailed, accurate, and clear, but lacks full common error coverage."
"Daten Häufigkeiten und Wahrscheinlichkeiten","Daten vergleichen und auswerten","F","Introduce standard deviation","2"," 2"," 2"," 2"," 2"," 2"," 2"," 2","Well-structured, comprehensive explanation with examples; anticipates misconceptions and ensures applicability for learners."
"Daten Häufigkeiten und Wahrscheinlichkeiten","Daten vergleichen und auswerten","G","Use z-scores or distribution overlap","2"," 2"," 2"," 2"," 2"," 2"," 2"," 1","Comprehensive explanation, structured steps, clear terms, applicable to learners, but minor on common errors."
"Daten Häufigkeiten und Wahrscheinlichkeiten","Daten vergleichen und auswerten","G","Analyze correlation vs. causation","2","2","2","2","2","2","2","2","Clear, comprehensive explanation; well-structured; addresses errors; generalizable for learners; correct use of terms."
"Daten Häufigkeiten und Wahrscheinlichkeiten","Daten vergleichen und auswerten","H","Regression or hypothesis testing","2"," 2"," 2"," 2"," 2"," 2"," 2"," 1","Comprehensive, logical steps, clarity, good for learners, well-explained terms, addresses common errors slightly less."
"Daten Häufigkeiten und Wahrscheinlichkeiten","Daten vergleichen und auswerten","H","Confidence intervals/significance tests","2","2","2","2","2","2","2","1","Comprehensive solution; minor discussions on potential calculation pitfalls could improve error awareness."
"Daten Häufigkeiten und Wahrscheinlichkeiten","Wahrscheinlichkeiten verstehen","B","Discuss certain vs. impossible events","2"," 2"," 2"," 2"," 2"," 2"," 2"," 1","Clear explanation, logical steps, fully generalizable; lacks focus on common errors."
"Daten Häufigkeiten und Wahrscheinlichkeiten","Wahrscheinlichkeiten verstehen","B","Rank events by likelihood","2","2","2","1","2","2","2","1","The solution is clear, thorough, well-suited for learners, but lacks specific common error identification."
"Daten Häufigkeiten und Wahrscheinlichkeiten","Wahrscheinlichkeiten verstehen","C","Coin toss experiment","2","2","2","2","2","2","2","1","Thorough explanation; addresses all criteria; could further elaborate on common errors."
"Daten Häufigkeiten und Wahrscheinlichkeiten","Wahrscheinlichkeiten verstehen","C","Compare actual frequency to expected","2","2","2","2","2","2","2","1","Clear, comprehensive, and learner-friendly solution, but lacks explicit mention of common errors like misapplying statistical tests."
"Daten Häufigkeiten und Wahrscheinlichkeiten","Wahrscheinlichkeiten verstehen","D","Probability of rolling a 3 = 1/6","2"," 2"," 2"," 2"," 2"," 2"," 2"," 1","Comprehensive explanation; clear steps; generalizable; addresses most common errors. Needs more explicit error analysis."
"Daten Häufigkeiten und Wahrscheinlichkeiten","Wahrscheinlichkeiten verstehen","D","Express probability as fraction/decimal/%","2"," 2"," 2"," 2"," 2"," 2"," 2"," 1","Clear, concise, educational approach. Lacks addressing specific common errors thoroughly."
"Daten Häufigkeiten und Wahrscheinlichkeiten","Wahrscheinlichkeiten verstehen","E","Compare theoretical vs. experimental outcomes","2","2","2","2","2","2","2","2","Comprehensive, clear, and generalizable solution that addresses key concepts and common errors effectively."
"Daten Häufigkeiten und Wahrscheinlichkeiten","Wahrscheinlichkeiten verstehen","E","Use relative frequency in real contexts","2","2","2","2","2","2","2","0","Comprehensive, clear, accurate, and generalizable, but lacks explicit discussion on common errors."
"Daten Häufigkeiten und Wahrscheinlichkeiten","Wahrscheinlichkeiten verstehen","F","Probability of combined events","2","2","2","2","2","2","2","1","Comprehensive explanation; addresses most common errors briefly. Highly suitable for learners."
"Daten Häufigkeiten und Wahrscheinlichkeiten","Wahrscheinlichkeiten verstehen","F","Analyze everyday chance statements","2","2","2","2","2","2","2","2","Comprehensively structured, clear, and engaging; fully explores concepts with attention to common errors and generalization."
"Daten Häufigkeiten und Wahrscheinlichkeiten","Wahrscheinlichkeiten verstehen","G","Apply addition/multiplication rules","2","2","2","2","2","2","2","2","The solution is comprehensive, clear, educational, and addresses all necessary aspects effectively."
"Daten Häufigkeiten und Wahrscheinlichkeiten","Wahrscheinlichkeiten verstehen","G","Use tree diagrams/binomial distributions","1","2","2","2","1","2","1","0","Comprehension and clarity are high, but technical terms need more explanation. Common errors aren't addressed."
"Daten Häufigkeiten und Wahrscheinlichkeiten","Wahrscheinlichkeiten verstehen","H","Continuous distributions/advanced models","2"," 2"," 2"," 2"," 2"," 2"," 2"," 1","Comprehensive, clear steps, accurate, suitable for learners; lacks explicit common error discussion."
"Daten Häufigkeiten und Wahrscheinlichkeiten","Wahrscheinlichkeiten verstehen","H","Evaluate probability in finance or science","2","2","2","1","2","2","2","1","Clear, structured, logical steps; lacks detailed justification and common error addressing, but well-suited for learners."
"Daten Häufigkeiten und Wahrscheinlichkeiten","Kombinatorik","B","Arrange 3 objects in order","2","2","2","2","2","2","1","1","Clearly structured steps, generalizable, but lacks full explanation of technical terms and common errors."
"Daten Häufigkeiten und Wahrscheinlichkeiten","Kombinatorik","B","List pairs from 4 items","2"," 2"," 2"," 2"," 2"," 2"," 2"," 1","Explains well, clear steps, correct answer, generalizable, anticipates order errors, lacks common combinatorial error details."
"Daten Häufigkeiten und Wahrscheinlichkeiten","Kombinatorik","C","Use fundamental counting principle","2"," 2"," 2"," 2"," 2"," 2"," 2"," 0","Comprehensive and clear explanation; lacks discussion on common errors."
"Daten Häufigkeiten und Wahrscheinlichkeiten","Kombinatorik","C","Draw a tree diagram (2 coin flips)","2"," 2"," 2"," 2"," 2"," 2"," 2"," 0","Clear, correct, accessible method, but lacks discussion of mistakes learners might make."
"Daten Häufigkeiten und Wahrscheinlichkeiten","Kombinatorik","D","Calculate small permutations/combos","2","2","2","2","2","2","2","1","Clear steps, correctness, and explanations, but lacks thorough addressing of common errors."
"Daten Häufigkeiten und Wahrscheinlichkeiten","Kombinatorik","D","Apply combinatorial reasoning in seating","2","2","2","2","2","2","2","1","The solution is clear, detailed, correct, and well-structured but lacks explicit addressing of common errors."
"Daten Häufigkeiten und Wahrscheinlichkeiten","Kombinatorik","E","Use nCr/nPr notation","2","2","2","2","2","2","2","2","The solution is clear, accurate, comprehensive, learner-friendly, and addresses common errors effectively."
"Daten Häufigkeiten und Wahrscheinlichkeiten","Kombinatorik","E","Apply to dealing cards or real scenarios","1","2","2","1","1","2","2","1","Clear steps and generalizable, but lacks error anticipation and learning adaptation."
"Daten Häufigkeiten und Wahrscheinlichkeiten","Kombinatorik","F","Explore Pascal’s triangle patterns","2","2","2","2","2","2","2","0","Solution comprehensive, detailed, learner-friendly, and generalizable; lacks addressing common errors explicitly."
"Daten Häufigkeiten und Wahrscheinlichkeiten","Kombinatorik","F","Solve constrained combinatorial tasks","2"," 2"," 2"," 0"," 2"," 2"," 2"," 1","Comprehensive and clear method, lacks specific final answer and error detailing, but highly generalizable and learner-friendly."
"Daten Häufigkeiten und Wahrscheinlichkeiten","Kombinatorik","G","Inclusion-exclusion principle","2"," 2"," 2"," 2"," 2"," 2"," 2"," 1","Clear, comprehensive explanation; addresses potential overlaps; could improve common error discussion."
"Daten Häufigkeiten und Wahrscheinlichkeiten","Kombinatorik","G","Use combinatorics in graph/network theory","2"," 2"," 2"," 2"," 2"," 2"," 2"," 1","Clear, logical breakdown of steps; includes generalization, but common errors need further detailing."
"Daten Häufigkeiten und Wahrscheinlichkeiten","Kombinatorik","H","Advanced methods (generating functions)","2","2","2","2","2","2","2","1","Clear and comprehensive; needs more emphasis on common pitfalls. Excellent use of examples and explanations."
"Daten Häufigkeiten und Wahrscheinlichkeiten","Kombinatorik","H","Combinatorial designs or coding theory","2"," 2"," 2"," 2"," 2"," 2"," 2"," 1","Comprehensively detailed, structured, learning-adapted, generalizable; minor gap in addressing common errors."
"Funktionale Zusammenhänge (Muster und Strukturen)","Muster und Strukturen erkennen","B","Identify repeating pattern (2,4,6)","2","2","2","2","2","2","1","1","Clear, methodical explanation but lacks comprehensive term definitions and common error discussions."
"Funktionale Zusammenhänge (Muster und Strukturen)","Muster und Strukturen erkennen","B","Extend the sequence by 2 terms","2"," 2"," 2"," 2"," 2"," 1"," 2"," 1","Clear, logical steps; generalization could be more explicit; some common errors addressed."
"Funktionale Zusammenhänge (Muster und Strukturen)","Muster und Strukturen erkennen","C","Describe pattern rule (add 3)","2","2","2","2","2","2","2","0","Clear steps, explanations, and generalizations; however, no common errors are addressed."
"Funktionale Zusammenhänge (Muster und Strukturen)","Muster und Strukturen erkennen","C","Form a rule (start at 2, add 5)","2"," 2"," 2"," 2"," 2"," 2"," 2"," 0","Comprehensive explanation with correct steps; common errors not highlighted."
"Funktionale Zusammenhänge (Muster und Strukturen)","Muster und Strukturen erkennen","D","Recognize arithmetic sequences","2"," 2"," 2"," 2"," 2"," 2"," 2"," 1","Clear, logical solution; terms fully explained. Minor lack in addressing all common errors."
"Funktionale Zusammenhänge (Muster und Strukturen)","Muster und Strukturen erkennen","D","Find nth term of a geometric sequence","2","2","2","2","2","2","2","0","Comprehensive, clear, accurate, and general method, but lacks addressing common errors explicitly."
"Funktionale Zusammenhänge (Muster und Strukturen)","Muster und Strukturen erkennen","E","Predict future terms or positions","2"," 2"," 2"," 1"," 2"," 2"," 2"," 1","Thorough approach, clear steps, explains terms, generalizable, but misses some common errors and final justification."
"Funktionale Zusammenhänge (Muster und Strukturen)","Muster und Strukturen erkennen","E","Apply sequence patterns in real contexts","2"," 2"," 2"," 2"," 2"," 2"," 2"," 1","Comprehensive steps, clear explanation, well-suited for learners; lacks some focus on specific common errors."
"Funktionale Zusammenhänge (Muster und Strukturen)","Muster und Strukturen erkennen","F","Handle Fibonacci-type recurrence","2","2","2","2","2","2","2","1","Comprehensively covers Fibonacci recurrences; slightly lacks in addressing common calculation errors."
"Funktionale Zusammenhänge (Muster und Strukturen)","Muster und Strukturen erkennen","F","Observe binomial or geometric patterns","2","2","2","2","2","2","2","1","Clear, detailed explanation except for addressing common errors more fully. Well-suited for learners and generalizable."
"Funktionale Zusammenhänge (Muster und Strukturen)","Muster und Strukturen erkennen","G","Study primes or fractals","2"," 2"," 2"," 2"," 2"," 2"," 2"," 1","Comprehensive, clear, and structured; fully explains terms but does not extensively address common errors."
"Funktionale Zusammenhänge (Muster und Strukturen)","Muster und Strukturen erkennen","G","Link sequences to functional relationships","2","2","2","2","1","2","2","1","Clear, well-structured steps; generalizable; technical terms explained; could improve learner accessibility and error addressing."
"Funktionale Zusammenhänge (Muster und Strukturen)","Muster und Strukturen erkennen","H","Explore infinite series/limits","2","2","2","2","1","2","2","1","Clear, structured explanation; suitable for learners but could better anticipate common errors."
"Funktionale Zusammenhänge (Muster und Strukturen)","Muster und Strukturen erkennen","H","Use generating functions or recurrences","1","2","2","1","1","1","1","0","Clear steps, but lacks depth in analysis and addressing common errors. Could improve on final answer clarity."
"Funktionale Zusammenhänge (Muster und Strukturen)","Zuordnungen und Proportionalität","B","One-to-one match (child→pencil)","1","2","2","1","2","1","1","1","Clear steps but needs better justification and explanation of technical terms and common errors."
"Funktionale Zusammenhänge (Muster und Strukturen)","Zuordnungen und Proportionalität","B","Discuss bigger/smaller relationships","2","2","2","1","2","2","1","0","Clear explanation, well-structured, generalizable, but lacks addressing common errors and terms need more clarity."
"Funktionale Zusammenhänge (Muster und Strukturen)","Zuordnungen und Proportionalität","C","Double a recipe, note proportionality","2","2","2","2","2","2","2","1","Clear, detailed, and generalizable solution but could address more common doubling errors, like oven capacity issues."
"Funktionale Zusammenhänge (Muster und Strukturen)","Zuordnungen und Proportionalität","C","Use ratio tables to scale quantities","2","2","2","2","1","2","2","0","Clear, structured explanation with correct steps, but lacks addressing common errors directly for learners."
"Funktionale Zusammenhänge (Muster und Strukturen)","Zuordnungen und Proportionalität","D","Solve direct proportion (unitary)","2"," 2"," 2"," 2"," 2"," 2"," 2"," 1","Clear, systematic explanation but could improve by addressing potential unit conversion errors."
"Funktionale Zusammenhänge (Muster und Strukturen)","Zuordnungen und Proportionalität","D","Recognize inverse proportion (workers/time)","2"," 2"," 2"," 2"," 2"," 2"," 2"," 0","Clear, structured explanation; processes correct; terms well-used, but lacks addressing common errors."
"Funktionale Zusammenhänge (Muster und Strukturen)","Zuordnungen und Proportionalität","E","Write y=kx as linear proportion","2","2","2","2","2","2","2","1","Clear, correct explanation; comprehensive with definitions; lacks addressing common student mistakes."
"Funktionale Zusammenhänge (Muster und Strukturen)","Zuordnungen und Proportionalität","E","Interpret slope as rate of change","2","2","2","2","1","2","2","1","Clear, detailed solution; good generalization; slightly lacking in learning engagement and common error coverage."
"Funktionale Zusammenhänge (Muster und Strukturen)","Zuordnungen und Proportionalität","F","Handle compound proportions","2"," 2"," 2"," 2"," 2"," 2"," 2"," 1","Overall clear, detailed, and comprehensive with minor improvement in common error explanation needed."
"Funktionale Zusammenhänge (Muster und Strukturen)","Zuordnungen und Proportionalität","F","Solve direct/inverse variation in real tasks","2","2","2","2","2","2","2","1","Thorough explanation, clear steps, correct use of terms, but could address more common errors explicitly."
"Funktionale Zusammenhänge (Muster und Strukturen)","Zuordnungen und Proportionalität","G","Analyze partial proportionality","2","2","2","1","1","2","2","0","Well-structured analysis but lacks explicit addressing of common errors and clearer final answer justification."
"Funktionale Zusammenhänge (Muster und Strukturen)","Zuordnungen und Proportionalität","G","Apply ratios in geometry (similar triangles)","2"," 2"," 2"," 2"," 2"," 2"," 2"," 1","Comprehensive, clear, and accurate, but lacks explicit focus on common errors."
"Funktionale Zusammenhänge (Muster und Strukturen)","Zuordnungen und Proportionalität","H","Transform y=kx into y=kx+b","2","2","2","2","2","1","2","1","Clear explanation, accurate steps, adaptable for learners, but lacks emphasis on generalization and common errors."
"Funktionale Zusammenhänge (Muster und Strukturen)","Zuordnungen und Proportionalität","H","Explore advanced proportional forms","1","2","2","1","1","2","2","0","Thorough steps but lacks error addressing; applies well to similar problems; skip clear final solution explanation."
"Funktionale Zusammenhänge (Muster und Strukturen)","Lineare und andere einfache Funktionen","B","Read input→output table (x→x+2)","2","2","2","2","2","2","2","1","Comprehensive, clear solution; correct, engaging steps; terms well explained; minor improvement addressing common errors."
"Funktionale Zusammenhänge (Muster und Strukturen)","Lineare und andere einfache Funktionen","B","Plot points for y=x+2","2","2","2","2","1","2","2","1","Clear steps, accurate explanation, suitable structure for learners, but lacks addressing common errors."
"Funktionale Zusammenhänge (Muster und Strukturen)","Lineare und andere einfache Funktionen","C","Identify linear pattern in a table","2","2","2","2","2","2","2","1","Clear, structured solution explaining a generalizable method; addresses most errors but could address more common mistakes."
"Funktionale Zusammenhänge (Muster und Strukturen)","Lineare und andere einfache Funktionen","C","Create line graph from y=2x","2","2","2","2","2","2","2","1","Clear, well-structured guide; addresses most learner needs but lacks emphasis on common graphing errors."
"Funktionale Zusammenhänge (Muster und Strukturen)","Lineare und andere einfache Funktionen","D","Find slope from two points","2"," 2"," 2"," 2"," 2"," 2"," 2"," 2","The solution fully explains, structures, and generalizes the concept, addressing common errors effectively."
"Funktionale Zusammenhänge (Muster und Strukturen)","Lineare und andere einfache Funktionen","D","Write y=mx+b from slope/intercept","2","2","2","2","2","2","2","1","Clear, correct steps and explanation, addresses errors partially. Fully understandable for learners."
"Funktionale Zusammenhänge (Muster und Strukturen)","Lineare und andere einfache Funktionen","E","Describe distance-time linear model","1","1","0","0","1","0","0","0","Explanation of concepts is minimal and lacks step-by-step clarity."
"Funktionale Zusammenhänge (Muster und Strukturen)","Lineare und andere einfache Funktionen","E","Examine simple non-linear y=x²","2"," 2"," 2"," 2"," 1"," 2"," 2"," 1","Clear explanation and generalization; lacks focus on common errors and learning engagement."
"Funktionale Zusammenhänge (Muster und Strukturen)","Lineare und andere einfache Funktionen","F","Transform functions (shifts, reflections)","2","2","2","2","2","2","2","1","Thorough, clear, precise throughout; anticipates learners' needs; only partially addresses common errors."
"Funktionale Zusammenhänge (Muster und Strukturen)","Lineare und andere einfache Funktionen","F","Compare linear vs. exponential growth","2","2","2","2","2","2","2","1","The solution is comprehensive and clear, but addresses common errors could be improved."
"Funktionale Zusammenhänge (Muster und Strukturen)","Lineare und andere einfache Funktionen","G","Use piecewise/ polynomial functions","2"," 2"," 2"," 2"," 2"," 2"," 2"," 1","Clear, detailed explanation and correct process; didn't fully address common errors."
"Funktionale Zusammenhänge (Muster und Strukturen)","Lineare und andere einfache Funktionen","G","Analyze quadratic (vertex, roots)","2","2","2","2","1","2","2","1","Clarity, correctness, and generalizability were strong; common errors lacked detailed anticipation or inclusion in explanation."
"Funktionale Zusammenhänge (Muster und Strukturen)","Lineare und andere einfache Funktionen","H","Investigate rational/logarithmic families","2"," 2"," 2"," 2"," 2"," 2"," 2"," 1","Explanation is comprehensive, clear, generalizable, and understandable; however, addressing common errors could be more explicit."
"Funktionale Zusammenhänge (Muster und Strukturen)","Lineare und andere einfache Funktionen","H","Use calculus to analyze function behavior","2","2","2","2","2","2","2","2","The solution is clear, comprehensive, and anticipates common mistakes; technical terms are well-explained."
"Funktionale Zusammenhänge (Muster und Strukturen)","Gleichungen und Algebra","B","Solve x+2=5 in a story context","2","2","2","2","2","2","2","0","Clear narrative and steps; lacks explicit focus on common errors."
"Funktionale Zusammenhänge (Muster und Strukturen)","Gleichungen und Algebra","B","x=3 by basic arithmetic","2","2","2","2","1","1","1","0","Explanation is simple, suitable for learners but lacks depth, generalization, and common error guidance."
"Funktionale Zusammenhänge (Muster und Strukturen)","Gleichungen und Algebra","C","Substitute x=4 in 3x+1","2","2","2","2","1","1","2","0","Clear steps and correct terms, but lacks learner engagement and doesn't address common errors."
"Funktionale Zusammenhänge (Muster und Strukturen)","Gleichungen und Algebra","C","Solve one/two-step linear equations","2","2","2","2","2","2","1","1","Clearly structured explanation, correct and generalizable; could improve addressing errors and technical term explanation."
"Funktionale Zusammenhänge (Muster und Strukturen)","Gleichungen und Algebra","D","Simplify 2x+3x=5x","1","2","2","1","1","0","0","0","Misinterpreted problem context; focuses on verifying equation, not simplifying expression. Terms and common errors are inadequately explained."
"Funktionale Zusammenhänge (Muster und Strukturen)","Gleichungen und Algebra","D","Solve multi-step linear eq. (2x+3=11)","2"," 2"," 2"," 2"," 2"," 2"," 2"," 1","Solution well-organized for learners; only briefly touches on common errors."
"Funktionale Zusammenhänge (Muster und Strukturen)","Gleichungen und Algebra","E","Solve simultaneous linear eq. in 2 vars","2","2","2","2","2","2","2","1","Clear, accurate, generalizable explanation but lacks detailed guidance on avoiding common errors."
"Funktionale Zusammenhänge (Muster und Strukturen)","Gleichungen und Algebra","E","Interpret solutions (intersection points)","2","2","2","2","2","2","2","1","Thorough steps, clear terms, accurate results, generalizable, lacks common errors discussion."
"Funktionale Zusammenhänge (Muster und Strukturen)","Gleichungen und Algebra","F","Factor x²+5x+6","2","2","2","2","2","2","2","1","Solution is clear, detailed, and correct. Common errors could be addressed more explicitly."
"Funktionale Zusammenhänge (Muster und Strukturen)","Gleichungen und Algebra","F","Solve quadratics by factoring or formula","2","2","2","2","2","2","2","1","Methodically explained and clear, yet could better address common errors explicitly for deeper understanding."
"Funktionale Zusammenhänge (Muster und Strukturen)","Gleichungen and Algebra","G","Manipulate algebraic fractions","2","2","2","0","2","2","2","1","The explanation is clear and thorough, but lacks a finalized correct answer."
"Funktionale Zusammenhänge (Muster und Strukturen)","Gleichungen and Algebra","G","Solve systems (linear/quadratic)","2"," 2"," 2"," 2"," 2"," 2"," 2"," 1","Comprehensive explanation; clear steps; accurate; well-adapted for learners; generalizable; all terms explained; common errors partially addressed."
"Funktionale Zusammenhänge (Muster und Strukturen)","Gleichungen und Algebra","H","Higher-degree polynomials/complex factors","2","2","1","2","2","2","2","1","Clear structure but minor issue in accuracy and lacks emphasis on common errors."
"Funktionale Zusammenhänge (Muster und Strukturen)","Gleichungen und Algebra","H","Use computer algebra for symbolic tasks","1","2","2","1","1","1","2","0","Clear steps and terms, but lacks error guidance and learning engagement."
"Funktionale Zusammenhänge (Muster und Strukturen)","Weitere funktionale Beziehungen","B","Notice x→x² (small x) vs. linear","2","2","2","2","2","2","2","1","Solution is clear, thorough, and correct; however, addresses common errors insufficiently. Needs clearer mention of specific errors."
"Funktionale Zusammenhänge (Muster und Strukturen)","Weitere funktionale Beziehungen","B","Discuss doubling sequence (exponential idea)","2","2","2","2","2","1","2","1","Comprehensive, clear, and correct explanation; lacks generalization and error anticipation."
"Funktionale Zusammenhänge (Muster und Strukturen)","Weitere funktionale Beziehungen","C","Identify curved graph vs. line","2"," 2"," 2"," 2"," 2"," 2"," 2"," 1","Thorough explanation, suitable for learners, but lacks in-depth common error coverage."
"Funktionale Zusammenhänge (Muster und Strukturen)","Weitere funktionale Beziehungen","C","Sketch y=x² for integer x","2"," 2"," 2"," 2"," 2"," 1"," 2"," 1","The solution is clear, accurate, and learner-friendly but limits general application and lacks focus on common errors."
"Funktionale Zusammenhänge (Muster und Strukturen)","Weitere funktionale Beziehungen","D","Compare linear vs. quadratic tables","2","2","2","2","2","2","2","1","Thorough explanation and clarity; addresses common errors lightly. Excellent for learners."
"Funktionale Zusammenhänge (Muster und Strukturen)","Weitere funktionale Beziehungen","D","Explore basic exponentials (y=2^x)","2"," 2"," 2"," 2"," 2"," 2"," 2"," 1","Well-structured, clear, generalizable method; thorough for learners, but could better highlight common exponential function errors."
"Funktionale Zusammenhänge (Muster und Strukturen)","Weitere funktionale Beziehungen","E","Analyze compound interest growth","2","2","2","2","2","2","2","1","Clear explanation, well-structured steps, addresses key concepts, good generalization, limited on addressing errors."
"Funktionale Zusammenhänge (Muster und Strukturen)","Weitere funktionale Beziehungen","E","Use tech to plot polynomial vs. exponential","2","2","2","2","2","2","2","1","The process is clear, correct, generalizable, and explains terms well, except for minimal common error discussion."
"Funktionale Zusammenhänge (Muster und Strukturen)","Weitere funktionale Beziehungen","F","Investigate y=1/x or rational funcs","2","2","2","2","2","2","2","1","Comprehensively covers the topic but slightly lacking in addressing common errors clearly."
"Funktionale Zusammenhänge (Muster und Strukturen)","Weitere funktionale Beziehungen","F","Solve half-life or depreciation problems","2"," 2"," 2"," 2"," 2"," 2"," 2"," 1","Clear, structured, well-explained method; slightly lacks in addressing common errors explicitly."
"Funktionale Zusammenhänge (Muster und Strukturen)","Weitere funktionale Beziehungen","G","Introduce logs or trig briefly","2"," 2"," 2"," 2"," 2"," 2"," 2"," 1","Clear, structured, generalizable with well-explained concepts, but lacks addressing common mistakes in each topic."
"Funktionale Zusammenhänge (Muster und Strukturen)","Weitere funktionale Beziehungen","G","Discuss domain/range for new function types","2"," 2"," 2"," 2"," 2"," 1"," 2"," 1","Well-structured guide, clear terms, addresses errors; lacks broader generalization and full error coverage."
"Funktionale Zusammenhänge (Muster und Strukturen)","Weitere funktionale Beziehungen","H","Use calculus for advanced analysis","2"," 2"," 2"," 1"," 1"," 2"," 2"," 1","Comprehensive, clear, generalizable steps; lacks clear error explanations; suitable for learners but could improve engagement."
"Funktionale Zusammenhänge (Muster und Strukturen)","Weitere funktionale Beziehungen","H","Model phenomena with combined function types","2"," 2"," 2"," 2"," 2"," 2"," 2"," 1","Comprehensive, clear, generalizable approach; technical terms are well-explained; lacks slightly in addressing common errors."
