Topic Area,Topic,Progress Level,Exercise
Numbers and operations,Understanding and representing numbers,B,ارسم 10 نجوم في الصندوق والون 5 منها باللون الأزرق.
Numbers and operations,Understanding and representing numbers,B,احسب عدد التفاح في الصورة واكتب العدد الكلي في الدائرة الفارغة أدناه.
Numbers and operations,Understanding and representing numbers,B,اكتب الأرقام من 1 إلى 20 بالترتيب على الأسطر المتاحة.
Numbers and operations,Understanding and representing numbers,B,ارسم خطوطاً لربط الأرقام من 1 إلى 20 بأنماط النقاط المطابقة لها.
Numbers and operations,Understanding and representing numbers,B,قم بدائرة الرقم الذي يحتوي على نفس عدد النقاط الموجودة تحته؛ على سبيل المثال، إذا رأيت 5 نقاط، قم بدائرة الرقم 5.
Numbers and operations,Understanding and representing numbers,B,املأ الفراغات بالرمز الرقمي الصحيح الذي يطابق أنماط النقاط الموضحة في الصفحة.
Numbers and operations,Understanding and performing operations,C,إيما لديها 24 تفاحة وقد أعطت 13 تفاحة لصديقتها؛ كم عدد التفاح المتبقي لديها؟
Numbers and operations,Understanding and performing operations,C,مزارع لديه 36 جزرة ويقطف 12 جزرة أخرى؛ كم عدد الجزر التي يمتلكها في المجموع؟
Numbers and operations,Understanding and performing operations,C,ليام قرأ 45 صفحة من كتابه ثم أنهى 22 صفحة أخرى؛ فكم صفحًة قرأها إجمالًا؟
Numbers and operations,Understanding and performing operations,C,سارة لديها 8 علب من الكعك وكل علبة تحتوي على 12 كعكة; كم عدد الكعك الذي تمتلكه في المجموع؟
Numbers and operations,Understanding and performing operations,C,يمتلك مزارع 240 تفاحة ويريد تعبئتها في سلال بحيث تحتوي كل سلة على 15 تفاحة؛ كم سلة يحتاج؟
Numbers and operations,Understanding and performing operations,C,إذا كانت السيارة تسير 120 ميلاً في 3 ساعات، فكم ميلًا تسير في كل ساعة؟
Numbers and operations,Understanding and performing operations,D,لدي ليام 347 كرة زجاجية وقد أعطى 128 كرة زجاجية لأصدقائه؛ كم كرة زجاجية تبقى لديه؟
Numbers and operations,Understanding and performing operations,D,وَكَزَانَتِ المخَبَزَة قد بَاعَت 456 كَعْكةً في الصَّباح و 289 كَعْكةً في المَسَاءِ؛ فَكَمْ كَمْيَّة الكَعَكات الَّتِي بِيعتْ بالإجمال؟
Numbers and operations,Understanding and performing operations,D,سارة لديها مجموعة من 864 ملصقًا وفقدت 275 ملصقًا؛ كم عدد الملصقات التي لا تزال لديها؟
Numbers and operations,Understanding and performing operations,D,مخبز يبيع عبوات من البسكويت مقابل 24 دولارًا لكل عبوة، ويريد زبون شراء 4 عبوات؛ استخدم خاصية التوزيع لإيجاد التكلفة الإجمالية.
Numbers and operations,Understanding and performing operations,D,إذا كان هناك صندوق يحتوي على 36 قطعة من الشوكولاتة وتم تقسيمه بالتساوي إلى 4 صناديق أصغر، فكم سيكون عدد قطع الشوكولاتة في كل صندوق باستخدام خاصية التوزيع؟
Numbers and operations,Understanding and performing operations,D,يحتاج البستاني إلى زراعة 29 زهرة في صفوف مكونة من 3 زهور لكل صف؛ استخدم خاصية التوزيع لحساب العدد الإجمالي للزهور التي يحتاج لزراعتها.
Numbers and operations,Understanding and representing numbers,G,قم بتحويل الكسر 3/8 إلى عدد عشري ونسبة مئوية.
Numbers and operations,Understanding and representing numbers,G,طالب حصل على 85% في اختبار؛ عبّر عن هذه النتيجة ككسر في أبسط صورة.
Numbers and operations,Understanding and representing numbers,G,إذا كانت قميص يكلف 45 دولارًا وفيه خصم قدره 30%، حدد سعر البيع بالشكل العشري.
Numbers and operations,Understanding and performing operations,F,الغواصة على عمق 150 متر تحت سطح البحر؛ إذا ارتفعت 75 متر، ما هو عمقها الجديد؟
Numbers and operations,Understanding and performing operations,F,يبدأ متسلق الجبال بالصعود 200 متر ثم ينزل 50 متر؛ ما هو التغير النهائي في ارتفاعه عن مستوى سطح البحر؟
Numbers and operations,Understanding and performing operations,F,إذا انخفضت درجة الحرارة من -5 درجات مئوية إلى -12 درجة مئوية في الليل، فكم درجة انخفضت؟
Numbers and operations,Ordering numbers,C,ترتيب أعمار الأطفال التالية في حفلة عيد الميلاد من الأصغر إلى الأكبر: 8 5 9 7.
Numbers and operations,Ordering numbers,C,ترجم الوصف التالي للتمرين من الإنجليزية إلى العربية: رتب الدرجات الحرارية التالية من الأبرد إلى الأكثر دفئًا: 35°F 28°F 42°F 30°F.
Numbers and operations,Ordering numbers,C,قم بترتيب النقاط من مباراة كرة السلة بالترتيب التصاعدي: 45 32 58 27.
Numbers and operations,Ordering numbers,H,رتب درجات الحرارة التالية من الأبرد إلى الأكثر دفئًا: -5°C 0°C -2°C و3°C.
Numbers and operations,Ordering numbers,H,قم بترتيب أرصدة حسابات البنك التالية من الأقل إلى الأعلى: -150.75، 200.50، -45.30، و75.00.
Numbers and operations,Ordering numbers,H,رتب الارتفاعات التالية من الأدنى إلى الأعلى: -30 متر، -5 متر، 10 متر، 50 متر.
Numbers and operations,Expanding number relationships and number spaces,D,تتسلسل النباتات في الحديقة كالتالي: 2 5 8 __ __؛ ابحث عن الرقمين التاليين في السلسلة.
Numbers and operations,Expanding number relationships and number spaces,D,تمتلك فريق الجري الأوقات التالية لإنهاء لفاتها: 60 ثانية، 64 ثانية، 68 ثانية، __ __؛ ما هما وقتا اللفتين القادمتين؟
Numbers and operations,Expanding number relationships and number spaces,D,يمتدح خباز نمطًا من المكونات: 1 كوب سكر، 2 كوب دقيق، 3 بيضات __ __؛ حدد العنصرين التاليين في هذا النمط.
Numbers and operations,Expanding number relationships and number spaces,E,قُم بتدوين جميع عوامل العدد 36 وحدد أي من هذه العوامل هي أيضًا أعداد أولية.
Numbers and operations,Expanding number relationships and number spaces,E,احسب الأعداد المضاعفة الخمسة الأولى للعدد 7 واشرح النمط الذي تلاحظه في تلك المضاعفات.
Numbers and operations,Expanding number relationships and number spaces,E,إذا كان لديك 48 تفاحة وترغب في تقسيمها بالتساوي بين السلال، حدد جميع الأعداد الممكنة للسلال التي يمكنك استخدامها من خلال إيجاد عوامل العدد 48.
Numbers and operations,Expanding number relationships and number spaces,E,ابحث عن المضاعف المشترك الأصغر (LCM) للعددين 8 و 12 لتحديد مدى تكرار تلاقي مضاعفاتهما.
Numbers and operations,Expanding number relationships and number spaces,E,احسب القاسم المشترك الأكبر (GCD) للعددين 20 و 30 لفهم أكبر عامل مشترك بينهما.
Numbers and operations,Expanding number relationships and number spaces,E,يريد بستاني زرع الزهور في صفوف باستخدام 18 زهرة حمراء و 24 زهرة زرقاء؛ ما هو المضاعف المشترك الأصغر (LCM) للعددين 18 و 24 لإيجاد أقل عدد من الزهور الكلي الذي يمكنه استخدامه دون أن يتبقى أي زهور؟
Numbers and operations,Expanding number relationships and number spaces,F,احسب قيمة 3 مرفوعة إلى القوة 4 ثم اطرح الجذر التربيعي لـ 64 من هذه النتيجة.
Numbers and operations,Expanding number relationships and number spaces,F,إذا كانت مساحة حديقة مربعة 81 قدمًا مربعًا، فحدد طول أحد جوانب الحديقة.
Numbers and operations,Expanding number relationships and number spaces,F,حدد مجموع القيم الناتجة عن حساب الجذر التربيعي لـ 49 ورفع 2 إلى القوة 5.
Numbers and operations,Expanding number relationships and number spaces,G,تم بناء نموذج لناطحة سحاب بمقياس 1:250؛ إذا كانت الارتفاع الحقيقي لناطحة السحاب هو 300 متر، فما هو ارتفاع النموذج بالسنتمترات؟
Numbers and operations,Expanding number relationships and number spaces,G,وصفة لكعكة كبيرة تتطلب 3 أكواب من الدقيق مقابل كل 2 كوب من السكر؛ إذا أراد الخباز أن يستخدم 6 أكواب من الدقيق، فكم كوبًا من السكر سيحتاج؟
Numbers and operations,Expanding number relationships and number spaces,G,خريطة تستخدم مقياسًا حيث تمثل بوصة واحدة 30 ميلاً؛ إذا كانت بلدتان تبعدان 5 بوصات عن بعضهما على الخريطة، فما هي المسافة الفعلية بينهما بالميل؟
Numbers and operations,Applying calculation strategies,D,مكتبة محلية بيعت 237 كتابًا في الشهر الماضي و185 كتابًا في هذا الشهر؛ قدّر العدد الإجمالي للكتب المبيعة عن طريق التقريب لأقرب عشرة.
Numbers and operations,Applying calculation strategies,D,مزارع لديه 489 تفاحة وينوي إعطاء 275 تفاحة؛ قم بتقدير عدد التفاح الذي سيتبقى لديه عن طريق التقريب إلى أقرب عشرة.
Numbers and operations,Applying calculation strategies,D,خلال حملة جمع التبرعات في المدرسة، جمع الطلاب 1248 دولارًا وأنفقوا 673 دولارًا؛ قم بتقدير المبلغ الإجمالي المتبقي عن طريق التقريب إلى أقرب عشرة.
Numbers and operations,Applying calculation strategies,E,جينا لديها \(\frac{2}{3}\) من البيتزا وصديقتها تعطيها \(\frac{1}{4}\) من البيتزا؛ كم مقدار البيتزا التي تمتلكها جينا الآن؟
Numbers and operations,Applying calculation strategies,E,وصف التمرين هو: تحتاج الوصفة إلى \(\frac{5}{6}\) كوب من السكر، لكن جيري لديه فقط \(\frac{1}{3}\) كوب؛ كم كوبًا إضافيًا من السكر يحتاج لجمعه؟
Numbers and operations,Applying calculation strategies,E,خلال حملة جمع التبرعات، قرأت إميلي \(\frac{3}{8}\) من كتاب، وفي وقت لاحق قرأت \(\frac{1}{2}\) من الكتاب أيضًا؛ فما هي الكسور الإجمالية من الكتاب التي قرأتها؟
Numbers and operations,Applying calculation strategies,F,متجر يقدم عرضاً حيث جميع العناصر عليها خصم بنسبة 15٪؛ قدر التكلفة الإجمالية لشراء 3 قمصان بسعر 25 دولار لكل منها و 2 زوج من الأحذية بسعر 40 دولار لكل منها بعد تطبيق الخصم.
Numbers and operations,Applying calculation strategies,F,وصفة لعصير سموذي تتطلب 2.5 كوب من الحليب، 1.3 كوب من الزبادي و0.75 كوب من الفاكهة; قم بتقريب كمية كل مكون إلى أقرب رقم صحيح وتقدير الحجم الكلي المطلوب للوصفة.
Numbers and operations,Applying calculation strategies,F,لديك 250 دولارًا مدخرًا لشراء تذاكر لحفل موسيقي، حيث تكلفة كل تذكرة حوالي 67 دولارًا؛ قم بتقدير عدد التذاكر التي يمكنك شراؤها ومقدار المال الذي سيبقى معك.
Numbers and operations,Applying calculation strategies,H,مخبز يبيع الكعك بسعر 2.50 دولار لكل واحدة ويقدم خصمًا بنسبة 15% على الطلبات من الدزينة؛ احسب التكلفة الإجمالية بعد الخصم لطلب دزينتين من الكعك.
Numbers and operations,Applying calculation strategies,H,سجل طالب 85% في اختبار رياضيات يتضمن 60 سؤالًا؛ إذا كان قد أخطأ في 15 سؤالًا، تحقق من صحة نتيجته من خلال حساب عدد الإجابات الصحيحة وتحديد النسبة المئوية التي تمثلها.
Numbers and operations,Applying calculation strategies,H,خلال عملية بيع، تم خفض سعر زوج من الأحذية الذي كان ثمنه الأصلي 80 دولارًا بنسبة 25%، ثم تم تطبيق خصم إضافي بنسبة 10% على سعر البيع؛ احسب السعر النهائي للأحذية بعد كلا الخصمين.
Space and form,Spatial orientation and positional relationships,B,ارسم صورة لقطة تجلس تحت شجرة و طائر بجوار الشجرة.
Space and form,Spatial orientation and positional relationships,B,قم بتحديد الشيء الذي هو فوق الطاولة في الصورة: مصباح، كرسي، أو كتاب.
Space and form,Spatial orientation and positional relationships,B,اكتب جملة عن مكان وجود الكلب بالنسبة للمنزل: هل هو أمام المنزل أو خلفه أو بجانبه؟
Space and form,Spatial orientation and positional relationships,F,"قم بتدوير مثلث برؤوس عند النقاط A(2, 3) و B(4, 5) و C(3, 1) بزاوية 90 درجة في اتجاه عقارب الساعة حول النقطة الأصلية، وحدد الإحداثيات الجديدة للرؤوس."
Space and form,Spatial orientation and positional relationships,F,عكس المستطيل الذي زواياه عند النقاط D(-1 -2) و E(-1 2) و F(3 2) و G(3 -2) عبر المحور الصادي (y-axis) وحدد إحداثيات الزوايا المعكوسة.
Space and form,Spatial orientation and positional relationships,F,"إذا تم تدوير مربع تverticesه عند النقاط H(1, 1) و I(1, 5) و J(5, 5) و K(5, 1) بزاوية 180 درجة حول النقطة (3, 3)، احسب إحداثيات المواقع الجديدة للرؤوس."
Space and form,Spatial orientation and positional relationships,F,قم بترجمة المثلث الذي رؤوسه عند النقاط (2 3) (4 5) و (3 7) إلى اليسار بمقدار وحدتين وإلى الأسفل بمقدار ثلاث وحدات، وقدم إحداثيات الرؤوس الجديدة.
Space and form,Spatial orientation and positional relationships,F,"قم بانعكاس المستطيل الذي تخرج زواياه عند النقاط (1, 1)، (1, 4)، (4, 1) و(4, 4) عبر محور الصادات (y-axis) وسرد إحداثيات المستطيل المنعكس."
Space and form,Spatial orientation and positional relationships,F,تم وضع رباعي الأضلاع عند رؤوس النقاط (5 2) و(5 6) و(8 2) و(8 6)؛ قم بتطبيق انتقال بمقدار ثلاث وحدات إلى اليمين وحدتين إلى الأعلى، ثم ارسم الشكل الناتج.
Space and form,Constructions and drawings,B,ارسم مثلثًا كبيرًا وصبغه بالأحمر، ثم ارسم مربعًا وصبغه بالأزرق.
Space and form,Constructions and drawings,B,ابحث عن جميع الدوائر في هذه الصورة وملّها باللون الأخضر.
Space and form,Constructions and drawings,B,انظر إلى الأشكال في الصندوق وقم بتلوين جميع المربعات باللون الأرجواني.
Space and form,Constructions and drawings,C,ارسم مستطيلاً وعلّم جوانبه الأربعة وزاويتين قائمتين.
Space and form,Constructions and drawings,C,ارسم مثلثًا بأطوال جوانب مختلفة وحدد زواياه الثلاثة كحادة أو قائمة أو منفرجة.
Space and form,Constructions and drawings,C,قم بإنشاء مربع وحدد جوانبه الأربعة المتساوية وزواياه الأربع القائمة من خلال تسمية كل منها.
Space and form,Constructions and drawings,C,"ارسم زاوية قائمة في زاوية مربع وسمّها ""زاوية قائمة."""
Space and form,Constructions and drawings,C,"في المثلث المقدم، حدد زاوية حادة واحدة واظللها ثم قم بتسميتها ""زاوية حادة""."
Space and form,Constructions and drawings,C,باستخدام المسطرة، قم بإنشاء شكل يتضمن على الأقل زاويتين قائمتين وزاوية حادة واحدة، ثم ضع علامة على كل زاوية وفقًا لذلك.
Space and form,Constructions and drawings,E,ارسم قطعة مستقيمة AB طولها 8 سم وحدد بدقة نقطة المنتصف M.
Space and form,Constructions and drawings,E,استخدم المسطرة والفرجار لرسم العمودي المنصف للقطعة المستقيمة CD التي يبلغ طولها 10 سم، وقم بتسمية نقاط التقاطع.
Space and form,Constructions and drawings,E,أنشئ نقطتين E و F على ورقة، قم بقياس المسافة بينهما، ثم ابحث وارسم خط المنتصف للقطعة EF مع تسمية النقطة المنتصفة N.
Space and form,Constructions and drawings,E,ارسم الإحداثيات التالية على شبكة: A(2 3) B(5 5) C(4 1) و D(1 2) ثم قم بربط النقاط لتشكيل مضلع وتحديد اسمه.
Space and form,Constructions and drawings,E,استخدم الإحداثيات E(3 4) و F(6 7) و G(5 3) و H(2 1) لرسم النقاط على شبكة وتحديد ما إذا كانت الشكل الناتج هو رباعي أضلاع أو مثلث.
Space and form,Constructions and drawings,E,يرجى رسم شبكة إحداثيات ورسم النقاط J(1 1) و K(4 1) و L(4 4) و M(1 4)؛ بعد توصيلها، قم بوصف الشكل وحساب محيطه.
Space and form,Constructions and drawings,G,"ابحث عن معادلات الخطوط التي تشكل جوانب مثلث ذو رؤوس عند النقاط A(2, 3) و B(5, 7) و C(4, 1)."
Space and form,Constructions and drawings,G,حدد معادلات الجوانب الأربعة لمستطيل ذو رؤوس تقع عند النقاط (-1 -2) و (-1 2) و (3 2) و (3 -2).
Space and form,Constructions and drawings,G,للسداسي الذي يمتلك الرؤوس عند النقاط (1 1) و(3 2) و(4 0) و(3 -2) و(1 -1) و(0 0)، ابحث عن معادلات الخطوط التي تربط كل زوج من الرؤوس المتجاورة.
Space and form,Constructions and drawings,H,قم بإنشاء مثلث متساوي الأضلاع بطول ضلع 8 سم باستخدام الفرجار والمسطرة.
Space and form,Constructions and drawings,H,ارسم دائرة نصف قطرها 5 سم مركزها عند النقطة A، ثم أنشئ خطا مماسًا للدائرة عند النقطة B على محيطها باستخدام المسطرة والفرجار فقط.
Space and form,Constructions and drawings,H,استخدم المنقلة لرسم مثلث قائم حيث يكون أحد زواياه 45 درجة وطول الوتر 10 سم؛ قم بتسمية جميع الأضلاع والزوايا بشكل مناسب.
Space and form,Properties and relationships of figures and solids,D,صنف الأشكال التالية على أنها مثلثات أو رباعيات أو خماسيات من خلال عدّ جوانبها: شكل بزاويتين، شكل بأربع زوايا، وشكل بخمس زوايا.
Space and form,Properties and relationships of figures and solids,D,ارسم وسمِّ ثلاث شكل رباعي مختلف، مع التأكد من أن كل واحد منها يحتوي على عدد مختلف من الزوايا القائمة.
Space and form,Properties and relationships of figures and solids,D,حدد عدد الزوايا في الشكل السداسي واشرح ما إذا كان يُصنف كشكل متساوي الزوايا أو غير متساوي الزوايا بناءً على عددك.
Space and form,Properties and relationships of figures and solids,D,اختر المساحة لحديقة مستطيلة تقاس 8 أمتار في 5 أمتار ، ثم أضف مساحة حوض زهور مثلثي له قاعدة بطول 4 أمتار وارتفاع 3 أمتار.
Space and form,Properties and relationships of figures and solids,D,احسب المساحة الإجمالية لفناء يتكون من قسم مربع يقيس 6 أقدام على كل جانب وقسم مستطيل يقيس 4 أقدام × 3 أقدام.
Space and form,Properties and relationships of figures and solids,D,وصف التمرين: شكل ملعب على هيئة مستطيل كبير يبلغ قياسه 10 أمتار في 5 أمتار مع مزلق دائري نصف دائري في أحد الأطراف بقطر 4 أمتار؛ حدد المساحة الكلية للملعب.
Space and form,Properties and relationships of figures and solids,E,حدد نوع الرباعية التي تحتوي على أربع زوايا قائمة وأضلاع متقابلة متساوية في الطول.
Space and form,Properties and relationships of figures and solids,E,رسم مخطط لمضلع رباعي وتسمية الشكل كمستطيل أو مربع أو شبه منحرف بناءً على خصائصه.
Space and form,Properties and relationships of figures and solids,E,المطلوب: نظرًا لمجموعة من أربع زوايا تقيس 70°، 110°، 70° و110°، حدد ما إذا كانت هذه المعينّة متساوية الساقين ومفسّرًا السبب.
Space and form,Properties and relationships of figures and solids,F,في مثلث ABC إذا كانت الزاوية A تساوي 40 درجة والزواية B تساوي 70 درجة، احسب قياس الزاوية C.
Space and form,Properties and relationships of figures and solids,F,حديقة مستطيلة لها طول 100 متر وعرض 50 متر؛ إذا كانت هناك حديقة زهور مثلثة تشغل زاوية منها بقاعدة 30 متر وارتفاع 20 متر، احسب مساحة الفضاء المتبقي في الحديقة.
Space and form,Properties and relationships of figures and solids,F,في شبه منحرف، أطوال القاعدتين هي 12 سم و 8 سم، والارتفاع هو 5 سم؛ احسب طول القطر إذا تم تقسيم شبه المنحرف إلى مثلثين بواسطة قطر.
Space and form,Properties and relationships of figures and solids,F,في مثلث ABC إذا كانت الزاوية A تقيس 35 درجة والزاوية B تقيس 75 درجة، احسب قياس الزاوية C.
Space and form,Properties and relationships of figures and solids,F,مثلث له زاوية خارجية تقيس 120 درجة؛ إذا كان أحد الزوايا الداخلية المقابلة يقيس 45 درجة، فما قياس الزاوية الداخلية الأخرى؟
Space and form,Properties and relationships of figures and solids,F,في مضلع ذو خمسة أضلاع، إذا كانت ثلاث من الزوايا الداخلية تساوي 90 درجة لكل منها، احسب قياس الزاويتين الداخليتين المتبقيتين.
Space and form,Properties and relationships of figures and solids,G,احسب المساحة السطحية لمكعب مستطيل بأبعاد 4 سم (الطول) 3 سم (العرض) و5 سم (الارتفاع).
Space and form,Properties and relationships of figures and solids,G,خزان مياه أسطواني له نصف قطر يبلغ 2 متر وارتفاع يبلغ 3 أمتار؛ احسب حجمه بالامتار المكعبة.
Space and form,Properties and relationships of figures and solids,G,حدد المساحة السطحية الإجمالية لأسطوانة لها نصف قطر يبلغ 6 بوصات وارتفاع يبلغ 10 بوصات بما في ذلك المساحتين القاعدتين الدائريتين.
Space and form,Properties and relationships of figures and solids,H,في مثلث ABC إذا كانت الزاوية A = الزاوية D وطول الضلع AB = 6 سم وطول الضلع DE = 9 سم، حدد طول الضلع AC إذا كان مثلث ABC متماثلاً مع مثلث ADE.
Space and form,Properties and relationships of figures and solids,H,مثلثان PQR و STU متشابهان، حيث إن الأضلاع المطابقة PR = 10 سم و TU = 15 سم. أوجد طول الضلع PQ إذا كانت ST = 12 سم.
Space and form,Properties and relationships of figures and solids,H,إذا كانت المثلث XYZ مماثلًا للمثلث ABC بحيث أن XY = 5 م و BC = 15 م وطول الضلع XZ غير معلوم، احسب قيمة XZ.
Space and form,Symmetries and illustrations,D,أكمل رسم الفراشة عن طريق عكس الجناح الأيسر عبر الخط المركزي لإنشاء التماثل.
Space and form,Symmetries and illustrations,D,ارسم النصف الآخر من شكل القلب باستخدام خط التناظر الذي يمتد عموديًا في الوسط.
Space and form,Symmetries and illustrations,D,قم بتوسيع تصميم النجمة المكتمل جزئياً عن طريق إضافة النقاط المفقودة لضمان تناسقه حول مركزه.
Space and form,Symmetries and illustrations,D,قم بإنشاء تزيين باستخدام ثلاثة أشكال متطابقة على الأقل، وقم بتلوين كل شكل بلون مختلف لتعزيز التصميم الخاص بك.
Space and form,Symmetries and illustrations,D,قم بتصميم مخطط أرضية لغرفة باستخدام بلاطات سداسية متطابقة مع التأكد من تغطية الأرضية بالكامل دون أي فجوات أو تداخلات.
Space and form,Symmetries and illustrations,D,ارسم قطعة كبيرة من الورق لإنشاء جدارية موزعة باستخدام المربعات فقط والمثلثات، مع التأكد من أن كل شكل يتصل ببعضه دون ترك أي فراغات.
Space and form,Symmetries and illustrations,E,ارسم جميع خطوط التناظر لسداسي منتظم واشرح كيف حددت مواقعها.
Space and form,Symmetries and illustrations,E,حدد ما إذا كان للخماسي المنتظم أي خطوط تناظر، وإذا كانت الإجابة بنعم، ارسمها على رسم بياني.
Space and form,Symmetries and illustrations,E,أنشئ تصميمًا ملونًا باستخدام شكل مثمّن عادي وقم بتسمية جميع خطوط التناظر التي يمكنك العثور عليها في عملك الفني.
Sizes and measurement,Measuring and calculating,B,قم بقياس طول مكتبك باستخدام مشابك الورق واكتب عدد مشابك الورق التي يبلغ طولها.
Sizes and measurement,Measuring and calculating,B,كم عدد مشابك الورق التي يبلغ طولها كتابك المفضل؟ استخدم مشابك الورق لقياسه واحسبها بعناية.
Sizes and measurement,Measuring and calculating,B,ابحث عن ثلاثة ألعاب مختلفة وقم بقياس كل واحدة باستخدام مشابك الورق ثم سجل أطوالها في قائمة.
Sizes and measurement,Recording and comparing quantities,C,سجل وزن الكتاب وحافظة الأقلام على ميزان ثم اكتب أيهما أثقل وكم الفرق في الوزن.
Sizes and measurement,Recording and comparing quantities,C,باستخدام ميزان، قارن وزن كيس من البرتقال بكيس من التفاح واشرح أيهما أثقل.
Sizes and measurement,Recording and comparing quantities,C,لديك سيارة لعبة تزن 150 جرامًا وروبوت لعبة يزن 200 جرام؛ استخدم ميزانًا لقياس الوزن لمعرفة كم من الجرامات يزن الروبوت أكثر من السيارة.
Sizes and measurement,Dealing with units of measurement,D,قم بتحويل 250 سنتيمتر إلى متر.
Sizes and measurement,Dealing with units of measurement,D,قطعة من الشريط طولها 3.5 متر؛ كم يكون ذلك بالسنتيمترات؟
Sizes and measurement,Dealing with units of measurement,D,إذا كان طول القلم 15 سنتيمترًا، فكم يساوي ذلك بالمتر بالشكل العشري؟
Sizes and measurement,Calculating quantities,E,حديقة مستطيلة تقيس 10 أمتار في 5 أمتار ويوجد ممر بعرض 1 متر يحيط بالحديقة؛ احسب المحيط الكلي للحديقة بما في ذلك الممر.
Sizes and measurement,Calculating quantities,E,م patio مربع بأضلاع طولها 4 أقدام متجاور مع منطقة مستطيلة قياسها 6 أقدام × 3 أقدام؛ احسب محيط الشكل المدمج.
Sizes and measurement,Calculating quantities,E,إحدى حمامات السباحة تتخذ شكل مستطيل قياسه 8 أمتار في 4 أمتار، وهي محاطة بسياج يبعد 2 مترًا عن الحمام من جميع الجهات؛ حدد محيط المنطقة المسورة.
Sizes and measurement,Quantities in factual contexts,F,حديقة مستطيلة قياسها 12 مترًا في الطول و8 أمتار في العرض؛ احسب مساحة الحديقة بالمتر المربع.
Sizes and measurement,Quantities in factual contexts,F,يتكون خزان الماء الأسطواني من نصف قطر يبلغ 3 أقدام وارتفاع يبلغ 10 أقدام؛ احسب حجم الخزان بالقدم المكعبة.
Sizes and measurement,Quantities in factual contexts,F,توجد ساحة لعب مثلثية بقاعدة طولها 15 متر وارتفاع 10 أمتار؛ احسب مساحة الساحة بالامتار المربعة.
Sizes and measurement,Measuring and calculating,G,حديقة دائرية نصف قطرها 5 أمتار؛ احسب محيطها وعبّر عن إجابتك بالأمتار والسنتيمترات.
Sizes and measurement,Measuring and calculating,G,إذا كان قطر بركة السباحة 10 أقدام، احسب محيطها وحوّل النتيجة إلى بوصات.
Sizes and measurement,Measuring and calculating,G,إحدى إطارات الدراجة لها نصف قطر يبلغ 14 بوصة؛ احسب المحيط وحدد مدى بعد الدراجة بعد دورة كاملة، مع تقريب إجابتك إلى أقرب بوصة.
Sizes and measurement,Recording and comparing quantities,H,مجموعة من الطلاب سجلت ارتفاعات النباتات بالسنتيمترات بعد ثلاثة أسابيع من النمو: 15، 22، 18، 25 و20؛ احسب المتوسط الارتفاع وحدد مدى اختلاف كل ارتفاع عن المتوسط.
Sizes and measurement,Recording and comparing quantities,H,تتطلب الوصفة 250 جرامًا من الدقيق، ولديك ثلاث علامات تجارية مختلفة بأوزان 240 و 260 و 270 جرامًا؛ قارن بين الأوزان وحدد أي علامة تجارية تسمح بأقل وأعلى كمية من الدقيق الزائد عند قياس الكمية المطلوبة.
Sizes and measurement,Recording and comparing quantities,H,استطلاع عن استهلاك المياه الشهري في ثلاث أسر يُظهر استهلاكاً مقداره 150 و180 و210 لترات؛ قم بتحليل البيانات لإيجاد الوسيط وناقش ما يكشفه ذلك عن استهلاك المياه النموذجي في هذه الأسر.
Sizes and measurement,Dealing with units of measurement,B,قم بقياس طول قلم الرصاص الخاص بك باستخدام السنتيمترات، واكتب الرقم الذي تجده.
Sizes and measurement,Dealing with units of measurement,B,إذا كان الكتاب بارتفاع 10 بوصات والورقة بارتفاع 8 بوصات، أيهما أطول وكم بوصة الفرق بينهما؟
Sizes and measurement,Dealing with units of measurement,B,قدّر عرض مكتبك بالبوصات من خلال مقارنته بمسطرة، ثم ارسم تخطيطة سريعة لما قمت بقياسه.
Sizes and measurement,Calculating quantities,C,سارة لديها ثلاثة أشرطة: واحد طوله 15 بوصة، وآخر طوله 20 بوصة، والثالث طوله 10 بوصات؛ ما هو الطول الإجمالي لجميع الأشرطة الثلاثة؟
Sizes and measurement,Calculating quantities,C,يقيِّس البستاني قطعتين من الخشب لسياج: إحداهما بطول 6 أقدام والأخرى بطول 9 أقدام؛ فما هو الطول الإجمالي لهما معًا؟
Sizes and measurement,Calculating quantities,C,توم لديه حبل طوله 25 سنتيمتراً وقد قطع قطعة أخرى طولها 30 سنتيمتراً؛ ما هو الطول الإجمالي للقطعتين من الحبل؟
Sizes and measurement,Quantities in factual contexts,D,تسافر حافلة 60 ميلاً في ساعة واحدة؛ فكم ستقطع في 2.5 ساعة بنفس السرعة؟
Sizes and measurement,Quantities in factual contexts,D,ماريا تجري بسرعة 10 دقائق لكل ميل؛ كم من الوقت سيستغرق منها الجري لمسافة 5 أميال؟
Sizes and measurement,Quantities in factual contexts,D,تخرج سيارة من المرآب في الساعة 2:15 بعد الظهر وتصل إلى الحديقة في الساعة 3:00 بعد الظهر؛ كم من الوقت استغرقت السيارة للوصول إلى الحديقة؟
Sizes and measurement,Dealing with units of measurement,B,قم بقياس طول مكتبك بالسنتيمترات واكتب القياس.
Sizes and measurement,Dealing with units of measurement,B,قارن بين طول قلم الرصاص والممحاة ثم ضع دائرة حول الأطول وكم سنتيمترًا هو الفرق.
Sizes and measurement,Dealing with units of measurement,B,ابحث عن ثلاثة أشياء في الفصل، قم بقياس كل واحدة منها بالسنتيمترات، ثم قم بإعداد قائمة من الأقصر إلى الأطول.
Sizes and measurement,Calculating quantities,C,قطعة الأرض الزراعية طولها 4 سم وعرضها 3 سم؛ ما هي مساحة الحديقة بالسنتيمترات المربعة؟
Sizes and measurement,Calculating quantities,C,إذا كان للمستطيل طول 10 سم وعرض 5 سم، ما هي مساحة هذا المستطيل؟
Sizes and measurement,Calculating quantities,C,إطار الصورة قياسه 6 سم في الارتفاع و2 سم في العرض؛ احسب مساحة الجهة الأمامية للإطار بالسنتيمترات المربعة.
Sizes and measurement,Dealing with units of measurement,D,قم بتحويل 250 سنتيمتر إلى متر.
Sizes and measurement,Dealing with units of measurement,D,إذا كانت حقيبة الظهر تزن 2.5 كيلوغرام، فكم تزن بالغرام؟
Sizes and measurement,Dealing with units of measurement,D,الحديقة طولها 3 أمتار؛ عبّر عن طولها بالسنتيمترات.
Sizes and measurement,Measuring and calculating,E,باستخدام أسطوانة مدرجة، قم بقياس مستوى الماء الأولي عند 150 مل ثم اغمر صخرة واجد المستوى الجديد للماء عند 250 مل؛ ما هو حجم الصخرة؟
Sizes and measurement,Measuring and calculating,E,تُرفع تمثال صغير من اللعبة مستوى الماء في كأس من 200 مل إلى 315 مل؛ احسب حجم تمثال اللعبة بناءً على هذا الإزاحة.
Sizes and measurement,Measuring and calculating,E,إذا كانت قطعة من الخشب الطافي تزيح 80 مل من الماء عند تغمرها بالكامل، حدد حجم الخشب الطافي بالسنتيمترات مكعبة مع العلم أن 1 مل يساوي 1 سم³.
Sizes and measurement,Calculating quantities,F,احسب المساحة السطحية لمكعب مستطيل أبعاده 5 سم في الطول و3 سم في العرض و4 سم في الارتفاع.
Sizes and measurement,Calculating quantities,F,وعاء أسطواني له نصف قطر يبلغ 3 سم وارتفاع يبلغ 10 سم؛ احسب المساحة السطحية الإجمالية بما في ذلك القمة والقاع.
Sizes and measurement,Calculating quantities,F,حدد مساحة السطح لشكل مركب مكون من مكعب بطول جانب 6 سم ونصف كرة بنصف قطر 3 سم ملحق بالأعلى.
Sizes and measurement,Quantities in factual contexts,G,يوجد سلم مائل ضد جدار يشكل مثلث قائم الزاوية مع الأرض؛ إذا كان طول السلم 15 قدمًا وقاعدة السلم تبعد 9 أقدام عن الجدار، فكم يكون ارتفاع الجدار؟
Sizes and measurement,Quantities in factual contexts,G,يحتوي حديقة مستطيلة على جانب واحد بطول 12 مترًا ومسار قطري يصل بين الزوايا المتقابلة؛ احسب طول المسار القطري باستخدام نظرية فيثاغورس.
Sizes and measurement,Quantities in factual contexts,G,مثلث قائم الزاوية لديه ساق واحدة قياسها 8 بوصات والوتد قياسه 10 بوصات؛ احسب طول الساق الأخرى.
Sizes and measurement,Recording and comparing quantities,H,احسب المتوسط والوسيط والمدى لأوزان خمسة رياضيين (بالكيلوغرام): 72، 85، 78، 90، و65.
Sizes and measurement,Recording and comparing quantities,H,وصف التمرين: يقوم بستاني بتتبع ارتفاعات (بـ سم) 8 نباتات عباد الشمس المختلفة: 140، 150، 145، 160، 155، 175، 130 و165؛ احسب المتوسط والوسيط والمدى لارتفاعاتها.
Sizes and measurement,Recording and comparing quantities,H,قم بتحليل كميات الأمطار الشهرية (بالمليمتر) لبلدة صغيرة على مدار الأشهر الستة الماضية: 120، 95، 110، 130، 140، و100؛ احسب المتوسط، الوسيط، والمدى لهذه البيانات.
Sizes and measurement,Measuring and calculating,D,استخدم المنقلة لقياس زاوية زاوية مكتبك في الفصل وسجل القياس بالدرجات.
Sizes and measurement,Measuring and calculating,D,ابحث عن شيء يومي في منزلك مثل كتاب أو إطار صورة وتقدير الزاوية المتشكلة في أحد زواياه، ثم تحقق من تقديرك باستخدام المنقلة.
Sizes and measurement,Measuring and calculating,D,حدد وقس ثلاثة زوايا مختلفة تتكون من عقارب الساعة عند الساعة 3:00 و 6:00 و 9:00 باستخدام المنقلة لضمان الدقة.
Sizes and measurement,Quantities in factual contexts,F,تظهر خريطة مسافة 5 إنش بين مدينتين ومقياسها هو 1 إنش : 20 ميلاً؛ احسب المسافة الفعلية بين المدينتين بالمMiles.
Sizes and measurement,Quantities in factual contexts,F,إذا كان حديقة على الخريطة تمثل بطول 3 سنتيمترات مقياسها 1 سم : 50 م، حدد الطول الحقيقي للحديقة بالمتر.
Sizes and measurement,Quantities in factual contexts,F,توضح خطة منزل جدارًا يبلغ طوله 4 أقدام في الرسم بمقياس 1 بوصة : 3 أقدام؛ احسب الطول الفعلي للجدار بالأقدام.
Sizes and measurement,Calculating quantities,G,راكب الدراجة يسافر بسرعة 15 ميلاً في الساعة؛ كم من الوقت سيستغرق قطع مسافة 45 ميلاً؟
Sizes and measurement,Calculating quantities,G,تبدأ سيارة وشاحنة من نفس النقطة وتسيران في اتجاهين مت opposite; إذا كانت السيارة تسير بسرعة 60 ميل في الساعة والشاحنة بسرعة 45 ميل في الساعة، فكم سيكون بعدهما عن بعضهما بعد ساعتين؟
Sizes and measurement,Calculating quantities,G,راكض أنهى سباقًا لمسافة 5 كيلومترات في 25 دقيقة؛ ما كانت سرعته المتوسطة بالميل في الساعة؟
Data; frequencies and probabilities,Collecting presenting and reading data,B,انظر إلى الرسم البياني الذي يوضح عدد التفاح والموز والبرتقال؛ كم عدد التفاح أكثر من البرتقال؟
Data; frequencies and probabilities,Collecting presenting and reading data,B,يظهر الرمز التصويري حيوانات أليفة في الفصل الدراسي: قطط، كلاب، وطيور؛ أي حيوان أليف له العدد الأعلى وكم عددهم؟
Data; frequencies and probabilities,Collecting presenting and reading data,B,عدّ العدد الإجمالي للفواكه المrepresented في الرمز التصويري واكتب ما هو العدد الإجمالي لقطع الفاكهة.
Data; frequencies and probabilities,Collecting presenting and reading data,F,قم بإنشاء رسم بياني خطي لتمثيل متوسط درجات الحرارة اليومية (بالدرجات فهرنهايت) لكل شهر بناءً على البيانات التالية: يناير 30، فبراير 32، مارس 45، أبريل 58، مايو 70، يونيو 80، يوليو 85، أغسطس 83، سبتمبر 75، أكتوبر 60، نوفمبر 45، ديسمبر 35.
Data; frequencies and probabilities,Collecting presenting and reading data,F,استخدم بيانات مبيعات مخبز لمدة أسبوع (الإثنين: 50 كعكة، الثلاثاء: 70 كعكة، الأربعاء: 90 كعكة، الخميس: 40 كعكة، الجمعة: 120 كعكة، السبت: 150 كعكة، الأحد: 100 كعكة) لإنشاء رسم بياني خطي ووصف الاتجاه في المبيعات على مدار الأسبوع.
Data; frequencies and probabilities,Collecting presenting and reading data,F,رسم مخطط خطي لعرض عدد الكتب التي قرأها الطلاب في شهر: الأسبوع الأول: 5 كتب الأسبوع الثاني: 7 كتب الأسبوع الثالث: 15 كتابًا الأسبوع الرابع: 10 كتب. ثم تحليل أي أسبوع كان لديه أعلى معدل للقراءة.
Data; frequencies and probabilities,Collecting presenting and reading data,E,يرسم الرسم البياني الدائري الفواكه المفضلة لـ 100 طالب: التفاح (25%)، الموز (35%)، البرتقال (20%)، والعنب (20%)؛ كم عدد الطلاب الذين اختاروا الموز؟
Data; frequencies and probabilities,Collecting presenting and reading data,E,إذا كان في رسم دائري يمثل مشاركة النشاط في صف ما 15٪ من الطلاب قد اختاروا الرياضة، فما هي النسبة المئوية للطلاب الذين لم يختاروا الرياضة إذا كان هناك 40 طالبًا في المجموع؟
Data; frequencies and probabilities,Collecting presenting and reading data,E,في مخطط دائري يوضح توزيع الحيوانات الأليفة في حي، تشكل الكلاب 40% والقطط 30%؛ ما النسبة التي تمثلها الحيوانات الأخرى إذا كان إجمالي الحيوانات الأليفة 200؟
Data; frequencies and probabilities,Collecting presenting and reading data,B,اسأل أفراد عائلتك عن فاكهتهم المفضلة ثم أنشئ رسماً بيانياً تصويرياً لعرض عدد الأشخاص الذين اختاروا كل فاكهة.
Data; frequencies and probabilities,Collecting presenting and reading data,B,قم باستطلاع زملائك في الفصل حول ألوانهم المفضلة واستخدم رسم بياني تصويري لعرض النتائج باستخدام صور لمربعات ملونة.
Data; frequencies and probabilities,Collecting presenting and reading data,B,قم بإجراء استبيان لمعرفة عدد الحيوانات الأليفة التي يمتلكها أصدقاؤك وارسم مخططاً تصويرياً لتمثيل عدد الحيوانات الأليفة التي يمتلكها كل صديق.
Data; frequencies and probabilities,Collecting presenting and reading data,E,تم استطلاع آراء فصل مكون من 30 طالبًا حول لونهم المفضل: الأحمر (10) الأزرق (12) الأخضر (5) والأصفر (3)؛ أنشئ جدول تكراري لعرض هذه النتائج.
Data; frequencies and probabilities,Collecting presenting and reading data,E,بعد جمع البيانات حول وسيلة النقل المفضلة لديهم، أفاد 25 طالباً بأنهم يفضلون: الحافلة (8) السيارة (10) الدراجة (4) والمشي (3)؛ قم بتنظيم هذه البيانات في جدول تكراري وتحديد أي وسيلة هي الأكثر شعبية.
Data; frequencies and probabilities,Collecting presenting and reading data,E,في استبيان، سُئل 20 طالبًا عن عدد الكتب التي قرأوها في الشهر الماضي، وكانت النتائج كالتالي: 0 كتاب (5) 1 كتاب (8) 2 كتاب (4) و3 كتب (3)؛ قدم هذه البيانات في جدول تكراري واشرح ماذا يدل هذا الجدول عن عادات القراءة.
Data; frequencies and probabilities,Collecting presenting and reading data,G,حلل مخطط السيبال والأوراق المقدم الذي يمثل أعمار الطلاب في الصف لتحديد متوسط العمر.
Data; frequencies and probabilities,Collecting presenting and reading data,G,من الرسم البياني للساق والورقة الذي يعرض درجات الطلاب في اختبار الرياضيات، احسب الدرجة الوسيطة.
Data; frequencies and probabilities,Collecting presenting and reading data,G,استخدم رسم الساق والأوراق الذي يوضح عدد الكتب التي قرأها طلاب مختلفون لتحديد الوضع في مجموعة البيانات.
Data; frequencies and probabilities,Collecting presenting and reading data,E,صمم استبيانًا لمعرفة الفاكهة المفضلة لدى زملائك في الصف، اجمع البيانات وأنشئ رسمًا بيانيًا عموديًا لعرض النتائج.
Data; frequencies and probabilities,Collecting presenting and reading data,E,قم بإجراء استبيان يسأل 10 أصدقاء عن عدد الساعات التي يقضونها في أداء الواجبات المنزلية كل أسبوع، ثم قرّب النتائج بواسطة رسم بياني عمودي.
Data; frequencies and probabilities,Collecting presenting and reading data,E,جمع بيانات حول وسائل النقل المفضلة لعائلتك (سيارة، دراجة، مشي أو وسائل النقل العامة) وأنشئ رسمًا بيانيًا عموديًا لعرض تكرار كل خيار بصريًا.
Data; frequencies and probabilities,Comparing and evaluating data,C,انظر إلى الرسم البياني العمودي الذي يوضح عدد الحيوانات الأليفة التي تملكها عائلات مختلفة؛ أي نوع من الحيوانات الأليفة لديه أكبر عدد من الملاك؟
Data; frequencies and probabilities,Comparing and evaluating data,C,في نتائج استبيان المدرسة الموضحة في الرسم البياني، حدد الوجبة الخفيفة التي اختارها أكبر عدد من الطلاب.
Data; frequencies and probabilities,Comparing and evaluating data,C,افحص مخطط الأعمدة للفواكه المفضلة في صفك؛ ما هو الفاكهة التي حصلت على أكبر عدد من الأصوات؟
Data; frequencies and probabilities,Comparing and evaluating data,G,مجموعة من الأصدقاء سجلت عدد الكتب التي قرأوها في شهر: 3، 5، 2، 8، و4؛ احسب متوسط عدد الكتب المقروءة والوسيط.
Data; frequencies and probabilities,Comparing and evaluating data,G,تم إجراء استبيان وتم تسجيل أعمار المشاركين كالتالي: 22، 25، 19، 30، 28، و24؛ احسب متوسط العمر والوسيط لعمر المشاركين.
Data; frequencies and probabilities,Comparing and evaluating data,G,في فصل دراسي، سجل الطلاب النتيجة التالية في اختبار حديث: 78، 85، 92، 67، 88، و75؛ حدد المتوسط والوسيط لدرجات الاختبار.
Data; frequencies and probabilities,Comparing and evaluating data,F,قم بتقييم الهيستوجرام المعطى الذي يظهر عدد الكتب التي قرأها الطلاب في شهر واحد، وحدد فئة الطلاب التي لديها أعلى تكرار.
Data; frequencies and probabilities,Comparing and evaluating data,F,حلل المدرج التكراري الذي يمثل درجات الحرارة اليومية على مدار شهر وناقش ما إذا كانت البيانات تبدو وكأنها تظهر نمطًا ثابتًا أو تقلبات كبيرة.
Data; frequencies and probabilities,Comparing and evaluating data,F,استخدم هيستوجرام الحيوانات الأليفة التي تمتلكها الأسر في حيّك لمقارنة تكرار الكلاب بتكرار القطط وفسّر ما قد يقوله هذا عن اتجاهات ملكية الحيوانات الأليفة.
Data; frequencies and probabilities,Comparing and evaluating data,C,ما هي أعلى درجة حرارة تم تسجيلها في الأسبوع المعروض في الرسم البياني الخطي؟
Data; frequencies and probabilities,Comparing and evaluating data,C,كم عدد الأيام التي كانت درجة الحرارة فيها أعلى من 70°F وفقًا للرسم البياني الخطي؟
Data; frequencies and probabilities,Comparing and evaluating data,C,احسب متوسط درجة الحرارة للأسبوع استنادًا إلى المعلومات المعروضة في الرسم البياني الخطّي.
Data; frequencies and probabilities,Comparing and evaluating data,F,قم بتحليل الرسم البياني الشريطي الشهري لمبيعات الآيس كريم لتحديد أي نكهة كانت الأكثر مبيعًا في الصيف وكم كانت مرتفعة مقارنةً بالنكهات الأخرى.
Data; frequencies and probabilities,Comparing and evaluating data,F,قارن بين المبيعات الشهرية لعلامتين مختلفتين من أحذية السنيكر الموضحة في الرسم البياني العمودي واحسب النسبة المئوية للزيادة في المبيعات للعلامة التجارية التي لديها إجمالي أعلى.
Data; frequencies and probabilities,Comparing and evaluating data,F,استخدم الرسم البياني العمودي الذي يعرض بيانات هطول الأمطار الشهرية لتحديد الشهر الذي شهد أقل هطول للأمطار واشرح كيف يقارنه بالشهر الذي شهد أعلى هطول للأمطار من حيث الفرق بالإنشات.
Data; frequencies and probabilities,Comparing and evaluating data,F,قم بتحليل المدرج التكراري المعطى لتحديد ما إذا كانت البيانات منحرفة إيجابيًا أو سلبيًا أو متناظرة، وفسر reasoning الخاص بك.
Data; frequencies and probabilities,Comparing and evaluating data,F,قم بحساب المتوسط والوسيط للبيانات الممثلة في الرسم البياني ثم ناقش أي مقياس من مقاييس النزعة المركزية يمثل مجموعة البيانات بشكل أفضل.
Data; frequencies and probabilities,Comparing and evaluating data,F,باستخدام الهيستوجرام المقدم، حدد الوضع للبيانات وقم بتقييم ما يشير إليه ذلك حول أكثر التكرارات حدوثًا في مجموعة البيانات.
Data; frequencies and probabilities,Understanding probabilities,D,حقيبة تحتوي على 5 كرات حمراء و 3 كرات زرقاء و 2 كرة خضراء؛ ما هو احتمال سحب كرة زرقاء عشوائياً؟
Data; frequencies and probabilities,Understanding probabilities,D,إذا كانت الحقيبة تحتوي على 4 كرات صفراء و6 كرات برتقالية و10 كرات بنفسجية، ما هي احتمالية سحب كرة صفراء من الحقيبة؟
Data; frequencies and probabilities,Understanding probabilities,D,في كيس يحتوي على 8 كرات سوداء و7 كرات بيضاء و5 كرات وردية، ما هي الكسر الذي يمثل احتمال اختيار كرة وردية عشوائيًا؟
Data; frequencies and probabilities,Understanding probabilities,H,وصف التمرين: لاعب كرة السلة لديه معدل نجاح في الرميات الحرة بنسبة 70% ومعدل نجاح في الرميات الثلاثية بنسبة 60%؛ ما هو احتمال أن يسجل كلا من الرمية الحرة والرميات الثلاثية في نفس المباراة؟
Data; frequencies and probabilities,Understanding probabilities,H,تصنع مصنع لمبات الإنارة بمعدل جودة يبلغ 90% وبطاريات بمعدل جودة يبلغ 85%; إذا تم اختيار لمبة وبطارية بشكل عشوائي، ما هو احتمال أن يكون كلاهما ذات جودة جيدة؟
Data; frequencies and probabilities,Understanding probabilities,H,في لعبة قذف عملة ورمي نرد، ما probability أن نحصل على صورة عند قذف العملة و الرقم أربعة عند رمي النرد؟
Data; frequencies and probabilities,Understanding probabilities,D,عجلة مقسمة إلى 4 أقسام متساوية: أحمر، أزرق، أخضر، وأصفر؛ ما هو احتمال الدوران والهبوط على اللون الأزرق؟
Data; frequencies and probabilities,Understanding probabilities,D,إذا كان للعجلة أقسام باللون البرتقالي والوردي والبنفسجي، وكل قسم ملون بنفس الحجم؛ فما هي الكسر الذي يمثل احتمال الهبوط على اللون الوردي؟
Data; frequencies and probabilities,Understanding probabilities,D,"يوجد دوار يظهر 3 ألوان: الأحمر (قسمان) والأخضر (قسم واحد) والأزرق (قسم واحد)؛ ما هي احتمالية الوصول إلى اللون الأحمر عند تدوير الدوار؟"
Data; frequencies and probabilities,Understanding probabilities,H,إذا قمت بسحب ورقتين بشكل متتابع من مجموعة أوراق لعب قياسية تحتوي على 52 ورقة، ما هي احتمالية أن تكون كلتا الورقتين من نوع القلب؟
Data; frequencies and probabilities,Understanding probabilities,H,ما هو احتمال أن تسحب آسًا يليه ملك عند سحب بطاقتين متتاليتين من مجموعة قياسية من أوراق اللعب؟
Data; frequencies and probabilities,Understanding probabilities,H,احسب احتمالية سحب بطاقتين محددتين، وهما ملكة البستوني وولد القلوب، واحدة تلو الأخرى من مجموعة بطاقات كاملة دون استبدال.
Data; frequencies and probabilities,Combinatorics,E,كم عدد الطرق المختلفة التي يمكنك من خلالها ترتيب ثلاثة كتب على الرف إذا كان لديك رواية غموض وكتاب خيال علمي وسيرة ذاتية؟
Data; frequencies and probabilities,Combinatorics,E,إذا كان لديك ثلاثة أنواع مختلفة من الحلويات - كعكة، فطيرة، و آيس كريم - كم عدد الترتيبات الفريدة التي يمكنك تقديمها في حفلة؟
Data; frequencies and probabilities,Combinatorics,E,في سباق مع ثلاثة رياضيين - أليكس، بيلا، وشارلي - كم عدد الترتيبات النهائية المختلفة الممكنة؟
Data; frequencies and probabilities,Combinatorics,D,إذا قمت بقلب عملتين في نفس الوقت، قم بسرد جميع النتائج الممكنة واحسب عددها.
Data; frequencies and probabilities,Combinatorics,D,تخيل أنك تقوم برمي عملتين للعبة؛ قم بكتابة كل مجموعة ممكنة من الوجه (H) والذيل (T) التي يمكن أن تحدث، ثم احسب العدد الإجمالي للمجموعات.
Data; frequencies and probabilities,Combinatorics,D,أنت وصديقك تقومان برمي عملتين معًا؛ صف جميع النتائج المختلفة التي يمكن أن تظهر واحسب العدد الإجمالي للنتائج.
Data; frequencies and probabilities,Combinatorics,D,إذا كان هناك 5 فواكه مختلفة في سلة، كم عدد الطرق التي يمكنك من خلالها اختيار 2 فواكه لصنع سلطة فواكه؟
Data; frequencies and probabilities,Combinatorics,D,تحتاج مجموعة مكونة من 5 طلاب إلى اختيار ممثلين اثنين لمشروع؛ كم عدد التركيبات الممكنة للطلاب التي يمكن اختيارها؟
Data; frequencies and probabilities,Combinatorics,D,في لعبة، يستطيع اللاعب اختيار 2 من أصل 5 كرات ملونة؛ كم عدد الأزواج المختلفة من الكرات يمكنهم اختيارها؟
Functional relationships (patterns and structures),Other functional relationships,F,تتضاعف ثقافة البكتيريا في الحجم كل ساعة؛ إذا بدأت بـ 500 بكتيريا، فكم سيكون العدد بعد 4 ساعات؟
Functional relationships (patterns and structures),Other functional relationships,F,تنخفض قيمة السيارة بنسبة 15% كل عام؛ إذا كانت قيمة السيارة حالياً 20000 دولار، فما ستكون قيمتها بعد 3 سنوات؟
Functional relationships (patterns and structures),Other functional relationships,F,تقوم شجرة بالنمو بمقدار 2 بوصة في السنة الأولى، و4 بوصات في السنة الثانية، و8 بوصات في السنة الثالثة؛ توقع نمو الشجرة في السنة الرابعة بناءً على هذا النمط.
Functional relationships (patterns and structures),Recognizing patterns and structures,B,ارسم الشكلين التاليين في هذا النمط: دائرة مربع دائرة مربع __ __.
Functional relationships (patterns and structures),Recognizing patterns and structures,B,قم بتلوين الأشكال المفقودة في النمط التالي: مثلث مثلث دائرة مثلث مثلث __ __.
Functional relationships (patterns and structures),Recognizing patterns and structures,B,انظر إلى نمط النجوم والقلوب: ★ ♥ ★ ♥ ★. ما الشكل الذي يأتي بعد ذلك؟
Functional relationships (patterns and structures),Assignments and proportionality,C,ارسم مجموعتين من الفواكه تظهران نسبة 3 تفاحات إلى 2 برتقالتين، ثم أنشئ تمثيلاً بصريًا لنسبة المكافئة 6 تفاحات إلى 4 برتقالتين.
Functional relationships (patterns and structures),Assignments and proportionality,C,إذا كانت جيمي تستطيع قراءة 4 كتب في أسبوعين، أنشئ رسمًا بيانيًا عموديًا يوضح عدد الكتب التي ستقرأها في 6 أسابيع باستخدام النسب المئوية المعادلة.
Functional relationships (patterns and structures),Assignments and proportionality,C,استخدم الكتل الملونة لبناء نموذج يمثل نسبة 5 كتل زرقاء إلى 3 كتل صفراء، ثم ابحث ورسم على الأقل نسبة معادلة واحدة.
Functional relationships (patterns and structures),Linear and other simple functions,D,قم بإنشاء جدول قيم للدالة الخطية y = 2x + 3 ثم ارسم النقاط على رسم بياني ووصف الميل.
Functional relationships (patterns and structures),Linear and other simple functions,D,وصف التمرين: تفرض صالة رياضية محلية رسوم تسجيل لمرة واحدة مقدارها 20 دولارًا و 10 دولارات شهريًا؛ اكتب المعادلة للتكلفة الإجمالية (C) كدالة في عدد الشهور (m)، ثم أنشئ جدول قيم وارسم الدالة.
Functional relationships (patterns and structures),Linear and other simple functions,D,إذا كانت متجر تأجير الدراجات يتقاضى 5 دولارات للساعة الأولى و2 دولار لكل ساعة إضافية، فحدد الدالة الخطية التي تمثل التكلفة (C) بناءً على الساعات (h)، وقم برسمها واشرح معنى الميل.
Functional relationships (patterns and structures),Equations and algebra,E,مصمم ألعاب الفيديو لديه 45 نقطة؛ إذا حصل على 12 نقطة إضافية، فكم عدد النقاط التي بدأ بها؟ احل لـ x في المعادلة x + 12 = 45.
Functional relationships (patterns and structures),Equations and algebra,E,ماريا تدخر لشراء دراجة جديدة تكلفتها 250 دولارًا؛ إذا كان لديها حاليًا 75 دولارًا، فكم تحتاج من المال لتوفيره؟ احسب قيمة x في المعادلة x + 75 = 250.
Functional relationships (patterns and structures),Equations and algebra,E,درجة الحرارة في الخارج 20 درجة مئوية؛ إذا زادت بمقدار 15 درجة، ما هي درجة الحرارة الجديدة؟ احسب x في المعادلة x - 15 = 20.
Functional relationships (patterns and structures),Other functional relationships,F,ما هو المصطلح التالي في السلسلة 3 7 13 21 وفسر النمط؟
Functional relationships (patterns and structures),Other functional relationships,F,إذا كان حساب التوفير يبدأ بمبلغ 100 دولار ويزداد بمقدار 15 دولارًا كل شهر، ما هو الرصيد بعد الشهر السادس؟
Functional relationships (patterns and structures),Other functional relationships,F,قم بتحليل سلسلة الأعداد الثلاثية: 1 3 6 10 وحدد الرقم التالي في السلسلة.
Functional relationships (patterns and structures),Recognizing patterns and structures,G,حدد القاعدة الجبرية التي تحكم التسلسل 3، 7، 11، 15 واستخدمها للعثور على الحد الثامن.
Functional relationships (patterns and structures),Recognizing patterns and structures,G,تبدأ سلسلة المربعات التامة بـ 1، 4، 9، و16؛ حدد التعبير الجبري للحد nth و احسب الحد السادس.
Functional relationships (patterns and structures),Recognizing patterns and structures,G,"مطلوب منك إيجاد الحد العاشر في المتتالية المعرفة بالقاعدة \(a_n = 5n - 2\) وجمع أول 5 حدود."
Functional relationships (patterns and structures),Assignments and proportionality,H,وصفة تتطلب 2 كوب من الدقيق لصنع 12 قطعة بسكويت؛ كم كوب من الدقيق ستحتاج لصنع 30 قطعة بسكويت؟
Functional relationships (patterns and structures),Assignments and proportionality,H,سيارة تسير 240 ميلاً على 8 جالونات من الوقود؛ كم عدد جالونات الوقود المطلوبة للسير 600 ميل؟
Functional relationships (patterns and structures),Assignments and proportionality,H,إذا تم تصميم ملصق ليكون عرضه 4 أقدام وارتفاعه 6 أقدام، فما سيكون عرض ملصق بطول 10 أقدام مع الحفاظ على نفس النسب؟
Functional relationships (patterns and structures),Recognizing patterns and structures,D,حدد النمط في جدول الضرب الرقم 4 (4 8 12 16...) و توقع ناتج ضرب 4 في 9.
Functional relationships (patterns and structures),Recognizing patterns and structures,D,استخدم جدول الضرب للعدد 7 للعثور على الرقم المفقود في التسلسل: 7 14 __ 28 35.
Functional relationships (patterns and structures),Recognizing patterns and structures,D,اطلع على جدول الرقم 5 واشرح كيف يمكنك استخدامه للعثور بسرعة على حاصل ضرب 5 و 12.
Functional relationships (patterns and structures),Equations and algebra,E,قلم الرصاص يكلف 2 دولار أقل من دفتر الملاحظات ومعًا يكلفان 6 دولارات؛ اكتب معادلة لإيجاد تكلفة قلم الرصاص p.
Functional relationships (patterns and structures),Equations and algebra,E,سارة لديها ضعف عدد الملصقات التي يملكها تيم، ومجموع الملصقات بينهما هو 24 ملصقاً؛ اكتب معادلة لتحديد عدد الملصقات التي يمتلكها تيم (t).
Functional relationships (patterns and structures),Equations and algebra,E,سلة الفواكه تحتوي على x من التفاح، وإذا أضيف 5 تفاحات سيكون هناك إجمالي 15 تفاحة; اكتب معادلة للعثور على العدد الابتدائي للتفاح في السلة.
Functional relationships (patterns and structures),Recognizing patterns and structures,B,قم بإنشاء نمط متكرر باستخدام مربعات ملونة بالأحمر والأزرق والأصفر، حيث يتم استخدام كل لون ثلاث مرات إجمالاً.
Functional relationships (patterns and structures),Recognizing patterns and structures,B,ارسم نمطًا يحتوي على شكلين مختلفين مثل الدوائر والمثلثات، مع التأكد من أن الأشكال تت alternate على الأقل خمس مرات.
Functional relationships (patterns and structures),Recognizing patterns and structures,B,استخدم لونين فقط لتصميم نمط بسيط بثلاثة أقسام، مع التأكد من أن كل قسم يتبع نفس ترتيب الألوان.
Functional relationships (patterns and structures),Recognizing patterns and structures,C,ما هو الرقم التالي في التسلسل 5 10 15 20 وما هما الرقمان التاليان؟
Functional relationships (patterns and structures),Recognizing patterns and structures,C,إذا كانت القاعدة هي إضافة 3، فما هي الأرقام الثلاثة التالية في السلسلة 1 4 7 10؟
Functional relationships (patterns and structures),Recognizing patterns and structures,C,انظر إلى النمط في سلسلة الأعداد: 2 4 8 16؛ هل يمكنك العثور على الرقمين التاليين؟
Functional relationships (patterns and structures),Assignments and proportionality,D,ارسم النقاط (2 4) و (3 6) و (4 8) و (5 10) على شبكة إحداثيات وحدد ثابت التناسب.
Functional relationships (patterns and structures),Assignments and proportionality,D,إذا كانت الوصفة تتطلب 4 أكواب من الدقيق لصنع 8 بسكويتات، قم برسم النقاط (8، 4) و (16، 8) لتمثيل العلاقة وإيجاد الثابت النسبي.
Functional relationships (patterns and structures),Assignments and proportionality,D,اكتب معادلة تناسبية للنقاط (1 2) (2 4) (3 6) ثم قم برسم هذه النقاط على شبكة الإحداثيات لتصور العلاقة بينها.
Functional relationships (patterns and structures),Equations and algebra,E,يبيع متجر تي شيرتات بسعر 15 دولارًا لكل واحد؛ إذا أنفقت إجمالًا 120 دولارًا، كم عدد التي شيرتات التي اشتريتها؟
Functional relationships (patterns and structures),Equations and algebra,E,تقوم شركة البستنة بفرض 50 دولارًا عن كل شجرة مزروعة؛ إذا كنت قد دفعت إجمالي 350 دولارًا، فكم عدد الأشجار التي تمت زراعتها؟
Functional relationships (patterns and structures),Equations and algebra,E,لقد ادخرت 200 دولار لشراء دراجة جديدة تكلف 50 دولارًا أكثر مما لديك حاليًا; اكتب معادلة لاكتشاف مقدار المال الذي كان لديك في الأصل.
Functional relationships (patterns and structures),Other functional relationships,F,مكتبة محلية تقدم خصمًا قدره 2 دولار على كل كتاب جديد؛ إذا كانت تكلفة الكتاب الأول 15 دولارًا، فما ستكون أسعار الكتب الثلاثة التالية في التسلسل؟
Functional relationships (patterns and structures),Other functional relationships,F,تفرض خدمة تأجير السيارات رسماً أولياً قدره 30 دولارًا، بالإضافة إلى 5 دولارات لكل ساعة تأجير؛ حدد الرسوم لتأجير السيارة لأول خمس ساعات.
Functional relationships (patterns and structures),Other functional relationships,F,في نادي البستنة، يزرع الأعضاء 3 أشجار جديدة في الأسبوع الأول ويزيدون زراعتهم بمقدار 2 شجرة في كل أسبوع لاحق؛ احسب عدد الأشجار المزروعة في الأسابيع الأربعة المقبلة.
Functional relationships (patterns and structures),Other functional relationships,G,حدد النسبة المشتركة في المتتالية الهندسية 3، 6، 12، 24 واستخدمها لتوقع الحدين التاليين.
Functional relationships (patterns and structures),Other functional relationships,G,تقل قيمة السيارة بنسبة النصف كل عام؛ إذا كانت قيمتها الحالية 16000 دولار، فما ستكون قيمتها بعد 3 سنوات في سلسلة هندسية؟
Functional relationships (patterns and structures),Other functional relationships,G,لديك سلسلة هندسية حيث أن الحد الأول هو 5 والنسبة الشائعة هي 3، احسب الحد الخامس من السلسلة.
Functional relationships (patterns and structures),Assignments and proportionality,H,وصفة لـ 12 بسكوتة تتطلب 3 أكواب من الدقيق؛ كم يحتاج صنع 30 بسكوتة من الدقيق؟
Functional relationships (patterns and structures),Assignments and proportionality,H,تقطع سيارة 240 ميلاً باستخدام 8 جالونات من البنزين؛ كم عدد الجالونات التي ستحتاجها لقطع 600 ميل؟
Functional relationships (patterns and structures),Assignments and proportionality,H,يمكن للفنان إكمال جدارية في 15 ساعة؛ إذا عمل بنفس المعدل، فكم سيستغرق من الوقت لإنهاء 4 جداريات؟
Functional relationships (patterns and structures),Linear and other simple functions,D,قم بإنشاء جدول للقيم للدالة الخطية \(y = 3x + 2\) باستخدام قيم \(x\) من -2 إلى 2 ثم قم برسم الدالة على مستوى الإحداثيات.
Functional relationships (patterns and structures),Linear and other simple functions,D,يبيع مخبز محلي المافن بسعر 2 دولار لكل واحدة والبسكويت بسعر 1.50 دولار لكل واحدة؛ اكتب معادلة خطية تمثل التكلفة الإجمالية \(y\) لشراء \(x\) من المافن، ثم قم بتوليد قيم لـ \(x\) من 0 إلى 4 لرسم هذه المعادلة.
Functional relationships (patterns and structures),Linear and other simple functions,D,يمكن تقدير درجة الحرارة بالفهرنهايت باستخدام المعادلة \(F = 9C + 32\) حيث \(C\) هي درجة الحرارة بالسيليزيوس؛ أنشئ جدولاً للقيم لهذا العلاقة باستخدام قيم السيليزيوس 0 و10 و20 و30، ثم ارسم القيم المقابلة بالفهرنهايت.
Functional relationships (patterns and structures),Equations and algebra,F,حل لـ x: 3(x - 4) = 2(x + 5).
Functional relationships (patterns and structures),Equations and algebra,F,مدرسة تخطط لجمع التبرعات؛ إذا كانت تكلفة العناصر 12 دولارًا لكل منها وكان إجمالي التكلفة يساوي 4 مرات عدد العناصر المباعة، احسب قيمة y في المعادلة 12y = 4y + 48.
Functional relationships (patterns and structures),Equations and algebra,F,إذا كان لدى جيمي ضعف عدد التفاح الذي يملكه أليكس، وكل منهما معًا لديه 36 تفاحة، قم بإنشاء وحل المعادلة 2x + x = 36 لاكتشاف عدد التفاح الذي يملكه أليكس.
Functional relationships (patterns and structures),Recognizing patterns and structures,G,مخبز ينتج 10 أرغفة من الخبز في اليوم الأول ويزيد الإنتاج بمقدار 5 أرغفة في كل يوم لاحق؛ اعبر عن العدد الكلي للأرغفة المنتجة في اليوم \( n \) كصيغة جبرية واستخدمها لإيجاد العدد المنتَج في اليوم السابع.
Functional relationships (patterns and structures),Recognizing patterns and structures,G,تبدأ تكلفة اشتراك صالة الألعاب الرياضية الشهري من 20 دولارًا وتزداد بمقدار 5 دولارات لكل فرد إضافي من أفراد الأسرة؛ اكتب تعبيرًا جبريًا للتكلفة الإجمالية بناءً على عدد الأفراد واحسب التكلفة لعائلة مكونة من 4 أفراد.
Functional relationships (patterns and structures),Recognizing patterns and structures,G,شركة تأجير السيارات تفرض رسومًا أساسية قدرها 30 دولارًا بالإضافة إلى 15 دولارًا عن كل يوم يتم استئجار السيارة فيه؛ قم بإنشاء صيغة جبرية لتحديد التكلفة الإجمالية من حيث عدد الأيام \( d \) التي يتم استئجار السيارة فيها، وحدد التكلفة لاستئجار السيارة لمدة 3 أيام.
