"Topic Area","Topic","Progress Level","Exercise","gemini-1.5-flash solution"
"Numbers and operations","Understanding and representing numbers","B","Zeichne 10 Sterne in das Kästchen und male 5 davon blau.","Die Aufgabe besteht aus zwei Teilen:

1. **Zeichne 10 Sterne in das Kästchen:**  Zeichne einfach zehn Sterne in das Kästchen.  Die Größe und die genaue Position der Sterne spielt keine Rolle solange es zehn sind.  Achte darauf dass sie deutlich als Sterne erkennbar sind (fünf Zacken sind üblich).

2. **Male 5 davon blau:** Wähle fünf der zehn gezeichneten Sterne aus und male sie blau aus.  Welche fünf Sterne du auswählst ist dir überlassen.


Zusammengefasst: Zeichne zuerst alle zehn Sterne und male danach fünf deiner Wahl blau an."
"Numbers and operations","Understanding and representing numbers","B","Zähle die Anzahl der Äpfel im Bild und schreibe die Gesamtsumme in den leeren Kreis darunter.","Um diese Aufgabe zu lösen musst du die Äpfel im Bild zählen.  Gehe systematisch vor um nichts zu übersehen:

1. **Systematisches Zählen:**  Zähle die Äpfel nicht willkürlich.  Gehe beispielsweise zeilenweise oder spaltenweise vor.  Du könntest auch Gruppen von Äpfeln zusammenzählen (z.B. 3 Äpfel hier 2 Äpfel dort usw.) und die Teilsummen dann addieren.

2. **Überprüfung:**  Nachdem du die Äpfel gezählt hast zähle sie noch einmal um sicherzustellen dass du keinen Apfel übersehen oder doppelt gezählt hast.  Eine andere Zählmethode zu verwenden (z.B. zuerst von links nach rechts dann von oben nach unten) kann dabei helfen Fehler zu vermeiden.

3. **Eintragen der Summe:**  Schreibe die Gesamtanzahl der gezählten Äpfel in den leeren Kreis unter dem Bild.


**Beispiel:** Angenommen du zählst 7 Äpfel. Dann schreibst du die Zahl ""7"" in den leeren Kreis."
"Numbers and operations","Understanding and representing numbers","B","Schreibe die Zahlen von 1 bis 20 der Reihenfolge nach auf die vorgesehenen Linien.","Diese Aufgabe ist sehr einfach: Du schreibst einfach die Zahlen von eins bis zwanzig nacheinander auf die vorgesehenen Linien.  Jede Zahl bekommt ihre eigene Linie.

Beispiel:

Linie 1: 1
Linie 2: 2
Linie 3: 3
Linie 4: 4
...
Linie 20: 20"
"Numbers and operations","Understanding and representing numbers","B","Zeichne Linien, um die Zahlen 1 bis 20 mit ihren passenden Punktmustern zu verbinden.","Die Aufgabe besteht darin die Zahlen 1 bis 20 mit der richtigen Anzahl an Punkten zu verbinden.  Du musst also zählen wie viele Punkte jedes Muster zeigt und es dann mit der entsprechenden Zahl verbinden.

**So gehst du vor:**

1. **Zähle die Punkte:** Beginne mit dem ersten Punktmuster. Zähle sorgfältig die Punkte die in diesem Muster dargestellt sind.

2. **Finde die passende Zahl:** Suche die Zahl die der Anzahl der gezählten Punkte entspricht (z.B. 5 Punkte entsprechen der Zahl 5).

3. **Verbinde Zahl und Muster:** Zeichne eine Linie die die Zahl und das entsprechende Punktmuster verbindet.

4. **Wiederhole:** Wiederhole Schritte 1-3 für alle Punktmuster und Zahlen von 1 bis 20.

**Beispiel:**

Wenn ein Punktmuster 7 Punkte zeigt ziehst du eine Linie von der Zahl ""7"" zu diesem Punktmuster.


**Wichtig:**  Achte darauf dass die Punktmuster vielleicht unterschiedlich angeordnet sind (z.B. in Reihen Spalten oder unregelmäßig).  Die Anordnung ist nicht entscheidend nur die *Anzahl* der Punkte."
"Numbers and operations","Understanding and representing numbers","B","Umkreise die Zahl, die die gleiche Anzahl von Punkten darunter hat; zum Beispiel, wenn du 5 Punkte siehst, umkreise die Zahl 5.","Die Aufgabe ist ganz einfach:  Zähle die Punkte unter jeder Zahl.  Umkreise dann die Zahl die der Anzahl der Punkte entspricht.

**Beispiel:**

Wenn unter der Zahl 3 fünf Punkte sind und unter der Zahl 5 drei Punkte dann würdest du die **5** umkreisen da unter ihr drei Punkte sind - und die Zahl 3 ist.

Du musst also immer die Punkte zählen und dann die entsprechende Zahl finden und diese umkreisen."
"Numbers and operations","Understanding and representing numbers","B","Fülle die Lücken mit dem richtigen Zahlensymbol aus, das den auf der Seite gezeigten Punktmustern entspricht.","Um die Lücken mit den richtigen Zahlensymbolen zu füllen die den Punktmustern entsprechen benötige ich die Bilder der Punktmuster.  Bitte teile mir die Bilder mit entweder durch Beschreibung oder noch besser indem du sie hochlädst.

Sobald ich die Punktmuster sehe kann ich dir erklären wie man die Lösung findet.  Der Lösungsansatz hängt von der Art der Muster ab.  Es könnten verschiedene Prinzipien dahinter stecken z.B.:

* **Anzahl der Punkte:**  Die einfachste Variante ist dass die Zahl die Anzahl der Punkte im Muster repräsentiert.
* **Position der Punkte:** Die Position der Punkte könnte ein bestimmtes Muster bilden (z.B. eine geometrische Figur) und das Zahlensymbol könnte eine codierte Repräsentation dieser Position sein.
* **Kombination aus Anzahl und Position:** Die Zahl könnte eine Kombination aus Anzahl und Anordnung der Punkte darstellen.
* **Reihenfolge oder Sequenz:**  Die Zahlen könnten Teil einer arithmetischen oder geometrischen Folge sein die sich aus der Anzahl oder Anordnung der Punkte ableitet.

Gib mir die Punktmuster und ich werde mein Bestes tun um dir zu helfen die passenden Zahlensymbole zu finden."
"Numbers and operations","Understanding and performing operations","C","Emma hat 24 Äpfel und sie gibt 13 Äpfel an ihre Freundin; wie viele Äpfel hat sie noch?","Um herauszufinden wie viele Äpfel Emma noch hat musst du die Anzahl der Äpfel die sie gegeben hat von der ursprünglichen Anzahl der Äpfel subtrahieren.

Die Rechnung lautet also: 24 (ursprüngliche Anzahl) - 13 (gegebene Anzahl) = 11

Emma hat noch **11** Äpfel."
"Numbers and operations","Understanding and performing operations","C","Ein Bauer hat 36 Karotten und pflückt weitere 12 Karotten; wie viele Karotten hat er insgesamt?","Um die Gesamtzahl der Karotten zu berechnen musst du die Anzahl der Karotten die der Bauer bereits hatte mit der Anzahl der Karotten addieren die er gepflückt hat.

**Rechnung:** 36 Karotten + 12 Karotten = 48 Karotten

Der Bauer hat insgesamt **48** Karotten."
"Numbers and operations","Understanding and performing operations","C","Liam hat 45 Seiten seines Buches gelesen und dann 22 weitere Seiten beendet; wie viele Seiten hat er insgesamt gelesen?","Um die Gesamtzahl der gelesenen Seiten zu ermitteln musst du die Anzahl der zuerst gelesenen Seiten und die Anzahl der anschließend gelesenen Seiten addieren:

45 Seiten + 22 Seiten = 67 Seiten

Liam hat insgesamt **67** Seiten gelesen."
"Numbers and operations","Understanding and performing operations","C","Sarah hat 8 Boxen mit Keksen, und jede Box enthält 12 Kekse; wie viele Kekse hat sie insgesamt?","Um herauszufinden wie viele Kekse Sarah insgesamt hat musst du die Anzahl der Boxen mit der Anzahl der Kekse pro Box multiplizieren.

Also: 8 Boxen * 12 Kekse/Box = 96 Kekse

Sarah hat insgesamt **96** Kekse."
"Numbers and operations","Understanding and performing operations","C","Ein Bauer hat 240 Äpfel, die er in Körbe packen möchte, wobei jeder Korb 15 Äpfel fasst. Wie viele Körbe benötigt er?","Um herauszufinden wie viele Körbe der Bauer benötigt musst du die Gesamtzahl der Äpfel durch die Anzahl der Äpfel pro Korb teilen.

Also: 240 Äpfel / 15 Äpfel/Korb = 16 Körbe

Der Bauer benötigt **16** Körbe."
"Numbers and operations","Understanding and performing operations","C","Wenn ein Auto 120 Meilen in 3 Stunden fährt, wie viele Meilen legt es in jeder Stunde zurück?","Um herauszufinden wie viele Meilen das Auto pro Stunde zurücklegt musst du die Gesamtmeilen durch die Gesamtstunden teilen.

Also: 120 Meilen / 3 Stunden = 40 Meilen pro Stunde

Das Auto legt **40 Meilen** in jeder Stunde zurück."
"Numbers and operations","Understanding and performing operations","D","Liam hat 347 Murmeln und er schenkt 128 Murmeln seinen Freunden; wie viele Murmeln hat er noch?","Um herauszufinden wie viele Murmeln Liam noch hat musst du die Anzahl der Murmeln die er verschenkt hat von der ursprünglichen Anzahl seiner Murmeln subtrahieren.

Also: 347 (ursprüngliche Anzahl) - 128 (verschenkte Anzahl) = 219

Liam hat noch **219** Murmeln."
"Numbers and operations","Understanding and performing operations","D","Eine Bäckerei verkaufte morgens 456 Cupcakes und nachmittags 289 Cupcakes; wie viele Cupcakes wurden insgesamt verkauft?","Um die Gesamtzahl der verkauften Cupcakes zu berechnen musst du die Anzahl der morgens verkauften Cupcakes und die Anzahl der nachmittags verkauften Cupcakes addieren:

456 + 289 = 745

Die Bäckerei verkaufte insgesamt **745** Cupcakes."
"Numbers and operations","Understanding and performing operations","D","Sarah hat eine Sammlung von 864 Aufklebern und sie verliert 275 Aufkleber; wie viele Aufkleber hat sie noch?","Um herauszufinden wie viele Aufkleber Sarah noch hat musst du die Anzahl der verlorenen Aufkleber von der ursprünglichen Anzahl abziehen.

Die Rechnung lautet: 864 (ursprüngliche Anzahl) - 275 (verlorene Anzahl) = ?

Wenn du die Rechnung ausführst erhältst du die Antwort.  Du kannst dies schriftlich oder mit einem Taschenrechner machen."
"Numbers and operations","Understanding and performing operations","D","Eine Bäckerei verkauft Päckchen Kekse für jeweils 24 $ und ein Kunde möchte 4 Päckchen kaufen; benutze das Distributivgesetz, um die Gesamtkosten zu ermitteln.","Das Distributivgesetz besagt dass a * (b + c) = (a * b) + (a * c) ist.  Wir können das hier anwenden um die Gesamtkosten der Kekse zu berechnen ohne direkt 4 x 24 zu multiplizieren.  Wir zerlegen die 24 in zwei einfachere Zahlen die wir leichter mit 4 multiplizieren können.

Hier sind zwei Möglichkeiten das Distributivgesetz anzuwenden:

**Methode 1: 24 als 20 + 4 zerlegen**

* **Schritt 1: Zerlege 24:**  24 = 20 + 4

* **Schritt 2: Wende das Distributivgesetz an:**  4 * 24 = 4 * (20 + 4) = (4 * 20) + (4 * 4)

* **Schritt 3: Berechne:** (4 * 20) + (4 * 4) = 80 + 16 = 96

Die Gesamtkosten betragen also 96 $.


**Methode 2: 24 als 12 + 12 zerlegen**

* **Schritt 1: Zerlege 24:** 24 = 12 + 12

* **Schritt 2: Wende das Distributivgesetz an:** 4 * 24 = 4 * (12 + 12) = (4 * 12) + (4 * 12)

* **Schritt 3: Berechne:** (4 * 12) + (4 * 12) = 48 + 48 = 96

Die Gesamtkosten betragen auch hier 96 $.


Beide Methoden zeigen wie das Distributivgesetz  die Multiplikation vereinfacht indem man die Zahl in kleinere leichter zu handhabende Teile zerlegt.  Natürlich kann man 4 x 24 auch direkt ausrechnen aber dieses Beispiel zeigt die Anwendung des Distributivgesetzes."
"Numbers and operations","Understanding and performing operations","D","Wenn eine Box 36 Schokoladen enthält und gleichmäßig in 4 kleinere Boxen aufgeteilt wird, wie viele Schokoladen werden in jeder Box sein, indem die distributive Eigenschaft verwendet wird?","Die distributive Eigenschaft besagt dass  a(b + c) = ab + ac.  Wir können diese Eigenschaft zwar nicht direkt auf die Schokoladenaufteilung anwenden aber sie hilft uns das Problem zu verstehen und  eine äquivalente Rechnung mit Multiplikation und Division zu formulieren die sich auf die Verteilung bezieht.

Stell dir vor die 36 Schokoladen sind in einer Reihe angeordnet.  Wir teilen sie in 4 gleich große Gruppen auf. Das ist eine Division: 36 / 4 = 9.  Jede kleinere Box enthält 9 Schokoladen.

**Wie wir die distributive Eigenschaft *indirekt* nutzen können:**

Wir könnten das Problem so umformulieren:  Stell dir vor jede der vier kleineren Boxen erhält 'x' Schokoladen.  Dann gilt:

4 * x = 36  (4 Boxen mal x Schokoladen pro Box ergibt 36 Schokoladen insgesamt)

Um x zu finden müssen wir beide Seiten durch 4 teilen:

x = 36 / 4 = 9

Obwohl wir hier die distributive Eigenschaft nicht direkt angewandt haben  spiegelt die Gleichung 4 * x = 36  das Prinzip der Verteilung wider: Die Gesamtanzahl der Schokoladen (36) wird auf die 4 kleineren Boxen verteilt.  Die Division um x zu finden ist die Umkehrung dieser Verteilung.  Die Lösung zeigt wie die Gesamtanzahl gleichmäßig verteilt wird.

Zusammenfassend lässt sich sagen dass die direkte Anwendung der Distributivität hier nicht offensichtlich ist aber das Problem selbst  und seine Lösung den zugrundeliegenden Prinzip der Verteilung von Objekten auf mehrere Gruppen widerspiegeln."
"Numbers and operations","Understanding and performing operations","D","Ein Gärtner muss 29 Blumen in Reihen von 3 pflanzen; wende das distributive Gesetz an, um die Gesamtanzahl der Blumen zu berechnen, die er pflanzen muss.","Die Aufgabe ist etwas irreführend formuliert.  Es geht nicht darum das distributive Gesetz *direkt* anzuwenden um 29 Blumen zu berechnen da 29 eine einzelne Zahl ist und keine Multiplikation beinhaltet die man zerlegen könnte. Das distributive Gesetz (a*(b+c) = a*b + a*c) wird bei Multiplikationen angewendet die eine Summe enthalten.

Die Aufgabe möchte wahrscheinlich verdeutlichen wie man eine Division mit Rest durchführen und das Ergebnis dann darstellen kann.  Der Gärtner pflanzt die Blumen in Reihen zu je 3. Wir wollen also wissen wie viele Reihen er braucht und wie viele Blumen übrig bleiben.

Hier ist die Lösung:

1. **Division mit Rest:** Teile 29 durch 3:  29 ÷ 3 = 9 Rest 2

   Das bedeutet: Der Gärtner kann 9 Reihen mit jeweils 3 Blumen bilden.

2. **Distributives Gesetz (indirekt):**  Man könnte das Ergebnis so darstellen dass das distributive Gesetz indirekt zum Tragen kommt. Stellen wir uns vor der Gärtner hätte 30 Blumen (statt 29). Dann könnten wir schreiben:

   30 = 3 * 10

   Hier könnten wir das distributive Gesetz *theoretisch* anwenden wenn wir 30 als 29 + 1 schreiben:

   3 * (9 + 1) = 3 * 9 + 3 * 1 = 27 + 3 = 30

   Das zeigt dass 30 Blumen 10 Reihen von 3 ergeben würden.  Da wir aber nur 29 haben fehlt eine Blume um die 10te Reihe zu vervollständigen.

3. **Gesamtanzahl der Blumen:** Der Gärtner muss insgesamt **29** Blumen pflanzen.  Das ist die direktste Antwort auf die Frage ""Gesamtanzahl der Blumen"".  Die Anzahl der Reihen und der Rest sind nur zusätzliche Informationen die man aus der Aufgabe ableitet.

Zusammenfassend: Die Aufgabe versucht das Verständnis von Division mit Rest und die Verbindung zum Distributivgesetz zu überprüfen.  Obwohl man das Distributivgesetz nicht direkt anwenden *kann* kann man es verwenden um das Ergebnis auf eine andere Art zu erklären und die Beziehung zwischen Multiplikation Addition und Division zu veranschaulichen.  Die entscheidende Zahl ist und bleibt aber die 29."
"Numbers and operations","Understanding and representing numbers","G","Konvertieren Sie den Bruch 3/8 in eine Dezimalzahl und einen Prozentsatz.","Um den Bruch 3/8 in eine Dezimalzahl und einen Prozentsatz umzuwandeln gehst du wie folgt vor:

**1. Dezimalzahl:**

* **Methode 1 (Division):** Teile den Zähler (3) durch den Nenner (8).  3 ÷ 8 = 0.375

* **Methode 2 (Erweitern):** Erweitere den Bruch so dass der Nenner eine Zehnerpotenz (10 100 1000 usw.) wird.  Das geht bei 8 nicht direkt einfach deshalb ist Methode 1 hier einfacher.


**2. Prozentsatz:**

Nachdem du die Dezimalzahl hast (0.375) kannst du sie in einen Prozentsatz umwandeln indem du sie mit 100 multiplizierst und ein Prozentzeichen (%) anhängst:

0.375 * 100 = 37.5%


**Zusammenfassend:**

Der Bruch 3/8 entspricht der Dezimalzahl **0.375** und dem Prozentsatz **37.5%**."
"Numbers and operations","Understanding and representing numbers","G","Ein Schüler hat 85 % in einem Test erzielt; drücke diesen Wert als Bruch in der einfachsten Form aus.","Um 85 % als Bruch in der einfachsten Form auszudrücken befolge diese Schritte:

1. **Schreibe den Prozentsatz als Bruch:** Ein Prozent (%) bedeutet ""von hundert"".  Daher kannst du 85 % als 85/100 schreiben.

2. **Vereinfache den Bruch:** Finde den größten gemeinsamen Teiler (ggT) von Zähler (85) und Nenner (100).  Der ggT von 85 und 100 ist 5.

3. **Teile Zähler und Nenner durch den ggT:** Teile sowohl den Zähler als auch den Nenner durch 5:

   85 ÷ 5 = 17
   100 ÷ 5 = 20

Daher ist die einfachste Form des Bruchs **17/20**."
"Numbers and operations","Understanding and representing numbers","G","Wenn ein Hemd 45 $ kostet und um 30 % reduziert ist, bestimme den Verkaufspreis in Dezimalform.","Um den Verkaufspreis eines Hemdes zu berechnen das um 30% reduziert ist und ursprünglich 45 $ kostet kannst du diese Schritte befolgen:

**Methode 1:  Ermittle den Rabatt und ziehe ihn ab**

1. **Berechne den Rabattbetrag:** Multipliziere den ursprünglichen Preis mit dem Prozentsatz des Rabatts (in Dezimalform).  30% als Dezimalzahl geschrieben ist 0.30.

   Rabatt = 45 $ * 0.30 = 13.50 $

2. **Subtrahiere den Rabatt vom ursprünglichen Preis:** Ziehe den berechneten Rabattbetrag vom ursprünglichen Preis ab.

   Verkaufspreis = 45 $ - 13.50 $ = 31.50 $

Der Verkaufspreis des Hemdes beträgt also 31.50 $.


**Methode 2: Berechne den Prozentsatz des Verkaufspreises direkt**

1. **Bestimme den Prozentsatz des Verkaufspreises:** Wenn das Hemd um 30% reduziert ist betragen 100% - 30% = 70% des ursprünglichen Preises der Verkaufspreis.

2. **Multipliziere den ursprünglichen Preis mit dem Prozentsatz des Verkaufspreises (in Dezimalform):**  70% als Dezimalzahl ist 0.70.

   Verkaufspreis = 45 $ * 0.70 = 31.50 $

Der Verkaufspreis des Hemdes beträgt also 31.50 $.

Beide Methoden führen zum gleichen Ergebnis.  Methode 2 ist oft etwas effizienter.  Der Verkaufspreis in Dezimalform ist **31.50**."
"Numbers and operations","Understanding and performing operations","F","Ein U-Boot befindet sich in einer Tiefe von 150 Metern unter dem Meeresspiegel; wenn es um 75 Meter steigt, wie tief ist es dann?","Das U-Boot befindet sich zunächst 150 Meter unter dem Meeresspiegel.  Wenn es um 75 Meter steigt verringert sich seine Tiefe um 75 Meter.

Daher ist die neue Tiefe: 150 Meter - 75 Meter = 75 Meter unter dem Meeresspiegel.

Die Antwort lautet also: **Das U-Boot ist 75 Meter tief.**"
"Numbers and operations","Understanding and performing operations","F","Ein Bergsteiger steigt 200 Meter auf und sinkt dann 50 Meter ab; wie viel beträgt ihre endgültige Höhenänderung gegenüber dem Meeresspiegel?","Die endgültige Höhenänderung berechnet sich durch Subtraktion des Abstiegs vom Aufstieg:

200 Meter (Aufstieg) - 50 Meter (Abstieg) = 150 Meter

Die endgültige Höhenänderung beträgt also **150 Meter** über dem Ausgangspunkt.  Ob dieser Ausgangspunkt nun auf Meereshöhe liegt oder nicht ist für die *Höhenänderung* irrelevant.  Die Aufgabe bezieht sich nur auf die relative Änderung der Höhe."
"Numbers and operations","Understanding and performing operations","F","Wenn die Temperatur über Nacht von -5 Grad Celsius auf -12 Grad Celsius sinkt, um wie viele Grad ist sie gefallen?","Die Temperatur ist um 7 Grad Celsius gefallen.  Man berechnet das indem man die Endtemperatur (-12°C) von der Anfangstemperatur (-5°C) subtrahiert: -5°C - (-12°C) = 7°C.  Da wir von einem negativeren Wert ausgehen ist die Differenz positiv."
"Numbers and operations","Ordering numbers","C","Ordne die folgenden Altersangaben von Kindern auf einer Geburtstagsfeier vom jüngsten zum ältesten: 8 5 9 7.","Um die Altersangaben der Kinder von jüngsten zum ältesten zu ordnen musst du die Zahlen vergleichen und sie in aufsteigender Reihenfolge anordnen.

Das funktioniert so:

1. **Finde die kleinste Zahl:**  Die kleinste Zahl ist 5.

2. **Finde die nächstgrößere Zahl:** Die nächstgrößere Zahl nach 5 ist 7.

3. **Finde die nächstgrößere Zahl:** Die nächstgrößere Zahl nach 7 ist 8.

4. **Finde die größte Zahl:** Die größte Zahl ist 9.

Daher ist die korrekte Reihenfolge vom jüngsten zum ältesten: **5 7 8 9**"
"Numbers and operations","Ordering numbers","C","Ordne die folgenden Temperaturen von der kältesten zur wärmsten: 35°F, 28°F, 42°F, 30°F.","Um die Temperaturen von der kältesten zur wärmsten zu ordnen musst du nur die Zahlen vergleichen.  Die kleinste Zahl repräsentiert die kälteste Temperatur die größte die wärmste.

In diesem Fall sind die Temperaturen in Fahrenheit (°F) angegeben:

* **28°F** ist die niedrigste Temperatur.
* **30°F** ist wärmer als 28°F.
* **35°F** ist wärmer als 30°F.
* **42°F** ist die höchste Temperatur.

Daher lautet die korrekte Reihenfolge von kältester zu wärmster:  **28°F 30°F 35°F 42°F**"
"Numbers and operations","Ordering numbers","C","Ordne die Punkte aus einem Basketballspiel in aufsteigender Reihenfolge: 45, 32, 58, 27.","Um die Punkte aus dem Basketballspiel in aufsteigender Reihenfolge zu ordnen musst du die Zahlen von klein nach groß sortieren.

1. **Finde die kleinste Zahl:**  Die kleinste Zahl ist 27.

2. **Finde die nächstgrößte Zahl:** Die nächstgrößte Zahl nach 27 ist 32.

3. **Finde die nächstgrößte Zahl:** Die nächstgrößte Zahl nach 32 ist 45.

4. **Finde die größte Zahl:** Die größte Zahl ist 58.

Die aufsteigende Reihenfolge der Punkte lautet also: **27 32 45 58**"
"Numbers and operations","Ordering numbers","H","Ordne die folgenden Temperaturen von der kältesten zur wärmsten: -5°C, 0°C, -2°C und 3°C.","Um die Temperaturen von der kältesten zur wärmsten zu ordnen musst du verstehen dass negative Zahlen kleiner sind als positive Zahlen und je größer der Betrag einer negativen Zahl ist desto kleiner ist sie.

1. **Identifiziere die negativen Zahlen:**  Du hast -5°C und -2°C.

2. **Vergleiche die negativen Zahlen:** -5°C ist kleiner als -2°C (weil -5 weiter von der Null entfernt ist als -2).

3. **Identifiziere die positiven Zahlen:** Du hast 0°C und 3°C.

4. **Vergleiche die positiven Zahlen:** 3°C ist größer als 0°C.

5. **Kombinieren:**  Nun setzt du alles zusammen beginnend mit der kältesten Temperatur: -5°C -2°C 0°C 3°C


Die korrekte Reihenfolge von der kältesten zur wärmsten Temperatur lautet also:  **-5°C -2°C 0°C 3°C**"
"Numbers and operations","Ordering numbers","H","Ordne die folgenden Bankkontostände von dem niedrigsten zum höchsten Wert: -150,75 200,50 -45,30 und 75,00.","Um die Bankkontostände vom niedrigsten zum höchsten Wert zu ordnen musst du die Vorzeichen berücksichtigen. Negative Beträge sind kleiner als positive Beträge.

1. **Negative Beträge sortieren:**  Zuerst sortiere die negativen Beträge: -15075 ist kleiner als -4530.

2. **Positive Beträge sortieren:** Dann sortiere die positiven Beträge: 7500 ist kleiner als 20050.

3. **Kombinieren:**  Nun kombinierst du die sortierten Listen. Da negative Zahlen kleiner als positive Zahlen sind kommt die Liste der negativen Zahlen zuerst. Die korrekte Reihenfolge lautet also:

-15075 -4530 7500 20050


Daher ist die endgültige sortierte Reihenfolge der Bankkontostände: **-15075 -4530 7500 20050**"
"Numbers and operations","Ordering numbers","H","Setze die folgenden Höhen in aufsteigender Reihenfolge von der tiefsten zur höchsten: -30 Meter, -5 Meter, 10 Meter und 50 Meter.","Die Aufgabe besteht darin die Höhen nach ihrer Größe zu ordnen beginnend mit der niedrigsten.  Da negative Höhen unter dem Meeresspiegel oder einem Referenzpunkt liegen sind sie kleiner als positive Höhen.

Die Reihenfolge von niedrigster zu höchster Höhe lautet also:

1. **-30 Meter:**  Dies ist die tiefste Höhe.
2. **-5 Meter:**  Tiefer als 0 Meter aber höher als -30 Meter.
3. **10 Meter:**  Über dem Meeresspiegel/Referenzpunkt.
4. **50 Meter:**  Die höchste Höhe.

Daher ist die endgültige aufsteigende Reihenfolge: -30 Meter -5 Meter 10 Meter 50 Meter."
"Numbers and operations","Expanding number relationships and number spaces","D","Die Reihenfolge der Pflanzen in einem Garten wächst wie 2 5 8 __ __; finde die nächsten beiden Zahlen in der Reihenfolge.","Die Zahlenfolge 2 5 8 folgt einer arithmetischen Progression.  Das bedeutet dass zwischen den Zahlen immer der gleiche Unterschied besteht.

Um den Unterschied zu finden subtrahierst du eine Zahl von der nächsten:

* 5 - 2 = 3
* 8 - 5 = 3

Der Unterschied ist also 3.

Um die nächsten beiden Zahlen zu finden addierst du einfach 3 zur letzten Zahl:

* 8 + 3 = 11
* 11 + 3 = 14

Die nächsten beiden Zahlen in der Folge sind also **11** und **14**."
"Numbers and operations","Expanding number relationships and number spaces","D","Ein Sprintteam absolviert seine Runden in den folgenden Zeiten: 60 Sekunden, 64 Sekunden, 68 Sekunden __ __; was sind die nächsten beiden Rundenzeiten?","Die Rundenzeiten bilden eine arithmetische Folge.  Das bedeutet dass der Unterschied zwischen aufeinanderfolgenden Gliedern konstant ist.

In diesem Fall ist der konstante Unterschied 4 Sekunden (64 - 60 = 4 und 68 - 64 = 4).

Um die nächsten beiden Rundenzeiten zu berechnen addiere einfach jeweils 4 Sekunden zur vorherigen Zeit:

* **Nächste Runde:** 68 Sekunden + 4 Sekunden = 72 Sekunden
* **Übernächste Runde:** 72 Sekunden + 4 Sekunden = 76 Sekunden

Die nächsten beiden Rundenzeiten sind also **72 Sekunden** und **76 Sekunden**."
"Numbers and operations","Expanding number relationships and number spaces","D","Ein Bäcker verwendet ein Muster von Zutaten: 1 Tasse Zucker, 2 Tassen Mehl, 3 Eier __ __; identifiziere die nächsten beiden Elemente in diesem Zutatenmuster.","Das Muster ist eine arithmetische Folge wobei jede Zutat um eins erhöht wird.  

* Zucker: 1 Tasse
* Mehl: 2 Tassen
* Eier: 3

Daher sind die nächsten beiden Elemente:

* **4 Tassen Butter** (oder eine andere Zutat je nach Kontext - hier wird die nächste Zahl der Folge einfach angenommen)
* **5 Teelöffel Backpulver** (oder eine andere Zutat;  ebenfalls eine Annahme basierend auf der Folge)


Wichtig ist:  Ohne weitere Informationen kann man die fehlenden Zutaten nur *spekulieren*. Das Muster zeigt nur die *Anzahl* der Zutaten an nicht ihre Art.  Es könnte genauso gut 4 Tassen Milch und 5 TL Vanillezucker sein.  Die Aufgabe ist unvollständig."
"Numbers and operations","Expanding number relationships and number spaces","E","Liste alle Faktoren von 36 auf und identifiziere, welche dieser Faktoren ebenfalls Primzahlen sind.","Um diese Aufgabe zu lösen gehst du in zwei Schritten vor:

**Schritt 1: Finde alle Faktoren von 36**

Ein Faktor einer Zahl ist eine ganze Zahl die die Zahl ohne Rest teilt.  Um alle Faktoren von 36 zu finden kannst du systematisch vorgehen:

* **Beginne mit 1:** 1 ist immer ein Faktor jeder Zahl.
* **Prüfe die kleinen Zahlen:**  Teste nacheinander ob 2 3 4 usw. 36 ohne Rest teilen.
* **Paarweise Faktoren:**  Wenn du einen Faktor gefunden hast (z.B. 2) findest du automatisch auch einen zweiten Faktor (in diesem Fall 18 denn 2 x 18 = 36).
* **Bis zur Wurzel:** Du musst nur bis zur Quadratwurzel von 36 (also 6) testen.  Alle Faktoren darüber hast du bereits als Paar zu einem Faktor darunter gefunden.

Die Faktoren von 36 sind also: 1 2 3 4 6 9 12 18 36

**Schritt 2: Identifiziere die Primzahlen unter den Faktoren**

Eine Primzahl ist eine natürliche Zahl größer als 1 die nur durch 1 und sich selbst teilbar ist.  Gehe nun deine Liste der Faktoren durch und prüfe welche dieser Bedingungen erfüllen:

* **1 ist keine Primzahl.**
* **2 ist eine Primzahl.**
* **3 ist eine Primzahl.**
* **4 ist keine Primzahl (teilbar durch 2).**
* **6 ist keine Primzahl (teilbar durch 2 und 3).**
* **9 ist keine Primzahl (teilbar durch 3).**
* **12 ist keine Primzahl (teilbar durch 2 und 3).**
* **18 ist keine Primzahl (teilbar durch 2 und 3).**
* **36 ist keine Primzahl (teilbar durch 2 und 3).**


**Fazit:** Die Primzahlen die auch Faktoren von 36 sind sind 2 und 3."
"Numbers and operations","Expanding number relationships and number spaces","E","Berechne die ersten fünf Vielfachen von 7 und erkläre das Muster, das du in diesen Vielfachen beobachtest.","Um die ersten fünf Vielfachen von 7 zu berechnen multiplizierst du einfach die Zahl 7 mit den Zahlen 1 2 3 4 und 5.

* **1. Vielfaches:** 7 x 1 = 7
* **2. Vielfaches:** 7 x 2 = 14
* **3. Vielfaches:** 7 x 3 = 21
* **4. Vielfaches:** 7 x 4 = 28
* **5. Vielfaches:** 7 x 5 = 35

Die ersten fünf Vielfachen von 7 sind also 7 14 21 28 und 35.

**Das Muster:**

Das Muster das du in diesen Vielfachen beobachtest ist dass jedes nachfolgende Vielfache um 7 größer ist als das vorherige.  Man kann das auch so ausdrücken:  Die Differenz zwischen zwei aufeinanderfolgenden Vielfachen ist immer 7.  Das liegt natürlich daran dass du jedes Mal 7 addierst um zum nächsten Vielfachen zu gelangen (oder 7 multiplizierst mit der nächsten ganzen Zahl).  Die Zahlenfolge bildet eine arithmetische Folge mit der Differenz 7."
"Numbers and operations","Expanding number relationships and number spaces","E","Wenn Sie 48 Äpfel haben und diese gleichmäßig in Körbe aufteilen möchten, bestimmen Sie alle möglichen Zahlen von Körben, die Sie verwenden können, indem Sie die Faktoren von 48 finden.","Um herauszufinden wie viele Körbe du verwenden kannst musst du die Faktoren von 48 finden.  Faktoren sind Zahlen die 48 ohne Rest teilen.

Hier ist wie du die Faktoren von 48 findest:

**Methode 1: Systematische Suche**

Beginne mit 1 und prüfe jede Zahl nacheinander ob sie 48 ohne Rest teilt:

* 1 x 48 = 48
* 2 x 24 = 48
* 3 x 16 = 48
* 4 x 12 = 48
* 6 x 8 = 48

Sobald du bei der Hälfte von 48 (also 24) angekommen bist hast du alle Faktoren gefunden.  Die Zahlen über 24 werden bereits im Prozess als Paar mit einer Zahl unter 24 identifiziert.

Daher sind die Faktoren von 48: **1 2 3 4 6 8 12 16 24 48**.

Diese Zahlen repräsentieren alle möglichen Anzahlen von Körben in die du die 48 Äpfel gleichmäßig aufteilen kannst.


**Methode 2: Primfaktorzerlegung**

Dies ist eine effizientere Methode für größere Zahlen.

1. **Finde die Primfaktoren von 48:**  48 kann als Produkt von Primfaktoren dargestellt werden: 2 x 2 x 2 x 2 x 3 = 2⁴ x 3

2. **Bilde alle möglichen Kombinationen:**  Um alle Faktoren zu finden bilde alle möglichen Kombinationen der Primfaktoren und ihrer Potenzen:

    * 2⁰ x 3⁰ = 1
    * 2¹ x 3⁰ = 2
    * 2² x 3⁰ = 4
    * 2³ x 3⁰ = 8
    * 2⁴ x 3⁰ = 16
    * 2⁰ x 3¹ = 3
    * 2¹ x 3¹ = 6
    * 2² x 3¹ = 12
    * 2³ x 3¹ = 24
    * 2⁴ x 3¹ = 48

Du erhältst wieder die gleichen Faktoren wie in Methode 1: **1 2 3 4 6 8 12 16 24 48**.


Zusammenfassend lässt sich sagen: Du kannst die 48 Äpfel in 1 2 3 4 6 8 12 16 24 oder 48 Körbe aufteilen."
"Numbers and operations","Expanding number relationships and number spaces","E","Finde das kleinste gemeinsame Vielfache (kgV) von 8 und 12, um zu bestimmen, wie oft ihre Vielfachen übereinstimmen werden.","Um das kleinste gemeinsame Vielfache (kgV) von 8 und 12 zu finden gibt es verschiedene Methoden:

**Methode 1: Primfaktorzerlegung**

1. **Zerlege beide Zahlen in ihre Primfaktoren:**
   * 8 = 2 x 2 x 2 = 2³
   * 12 = 2 x 2 x 3 = 2² x 3

2. **Identifiziere die höchsten Potenzen jedes Primfaktors:**  Die höchsten Potenzen sind 2³ und 3¹.

3. **Multipliziere die höchsten Potenzen miteinander:** kgV(8 12) = 2³ x 3 = 8 x 3 = 24

**Methode 2: Auflistung der Vielfachen**

1. **Liste die Vielfachen von 8 auf:** 8 16 24 32 40 48 ...
2. **Liste die Vielfachen von 12 auf:** 12 24 36 48 ...
3. **Finde das kleinste gemeinsame Vielfache:** Das kleinste gemeinsame Vielfache das in beiden Listen vorkommt ist 24.

**Bedeutung des kgV im Kontext der Aufgabe:**

Das kgV von 8 und 12 ist 24.  Das bedeutet dass die Vielfachen von 8 und 12 alle 24 Einheiten übereinstimmen.  Anders ausgedrückt:  Nach jeweils 24 Einheiten (z.B. 24 Sekunden 24 Meter 24 Tage je nach Kontext der Aufgabe) werden die Vielfachen von 8 und 12 gleichzeitig auftreten.  

**Beispiel:**

Stell dir vor zwei Lichter blinken. Das eine blinkt alle 8 Sekunden das andere alle 12 Sekunden.  Wann blinken sie gleichzeitig? Nach 24 Sekunden.


Zusammenfassend lässt sich sagen: Das kgV (24) gibt an nach wie vielen Einheiten die Vielfachen von 8 und 12 wieder übereinstimmen."
"Numbers and operations","Expanding number relationships and number spaces","E","Berechne den größten gemeinsamen Teiler (ggT) von 20 und 30, um ihren größten gemeinsamen Faktor zu verstehen.","Es gibt mehrere Methoden um den größten gemeinsamen Teiler (ggT) von 20 und 30 zu berechnen. Hier sind zwei gängige Verfahren:

**1. Primfaktorzerlegung:**

* **Zerlege beide Zahlen in ihre Primfaktoren:**
    * 20 = 2 x 2 x 5 = 2² x 5
    * 30 = 2 x 3 x 5

* **Identifiziere die gemeinsamen Primfaktoren:**  Sowohl 20 als auch 30 enthalten die Primfaktoren 2 und 5.

* **Multipliziere die gemeinsamen Primfaktoren:** Der ggT ist das Produkt der gemeinsamen Primfaktoren. In diesem Fall ist der ggT = 2 x 5 = 10.


**2. Euklidischer Algorithmus:**

Der Euklidische Algorithmus ist eine effiziente Methode besonders für größere Zahlen.  Er basiert auf wiederholter Division mit Rest:

1. **Teile die größere Zahl (30) durch die kleinere Zahl (20):**  30 ÷ 20 = 1 Rest 10

2. **Ersetze die größere Zahl durch die kleinere Zahl und die kleinere Zahl durch den Rest:** Jetzt betrachten wir den ggT von 20 und 10.

3. **Teile die größere Zahl (20) durch die kleinere Zahl (10):** 20 ÷ 10 = 2 Rest 0

4. **Der ggT ist die letzte nicht-null Rest:** Da der Rest 0 ist ist der ggT die vorherige Zahl also 10.


**Fazit:**

Sowohl die Primfaktorzerlegung als auch der Euklidische Algorithmus zeigen dass der größte gemeinsame Teiler (ggT) von 20 und 30 gleich 10 ist.  Dies bedeutet dass 10 der größte Faktor ist der sowohl 20 als auch 30 ohne Rest teilt."
"Numbers and operations","Expanding number relationships and number spaces","E","Ein Gärtner möchte Blumen in Reihen pflanzen, und zwar mit 18 roten Blumen und 24 blauen Blumen. Was ist das kleinste gemeinsame Vielfache (kgV) von 18 und 24, um die kleinste Gesamtzahl an Blumen zu finden, die er verwenden kann, ohne dass Reste übrig bleiben?","Der Gärtner möchte sowohl rote als auch blaue Blumen in gleich großen Reihen anpflanzen ohne dass am Ende Blumen übrig bleiben.  Das bedeutet er sucht nach der kleinsten Zahl die sowohl durch 18 als auch durch 24 teilbar ist.  Diese Zahl ist das kleinste gemeinsame Vielfache (kgV) von 18 und 24.

Hier sind zwei Wege das kgV zu berechnen:

**Methode 1: Primfaktorzerlegung**

1. **Zerlege beide Zahlen in ihre Primfaktoren:**
   * 18 = 2 x 3 x 3 = 2 x 3²
   * 24 = 2 x 2 x 2 x 3 = 2³ x 3

2. **Identifiziere die höchsten Potenzen jedes Primfaktors:**  Die höchsten Potenzen sind 2³ und 3².

3. **Multipliziere die höchsten Potenzen:**  2³ x 3² = 8 x 9 = 72

Das kgV(18 24) = 72.  Der Gärtner braucht also 72 Blumen.


**Methode 2:  Liste der Vielfachen (weniger effizient für größere Zahlen)**

1. **Liste der Vielfachen von 18:** 18 36 54 72 90 108...
2. **Liste der Vielfachen von 24:** 24 48 72 96 120...

3. **Finde die kleinste Zahl die in beiden Listen vorkommt:**  Das ist 72.

Das kgV(18 24) = 72. Der Gärtner braucht also 72 Blumen.


**Fazit:**

Der Gärtner benötigt 72 Blumen um sie ohne Rest in Reihen zu pflanzen.  Er wird 4 Reihen mit je 18 roten Blumen (72 / 18 = 4) und 3 Reihen mit je 24 blauen Blumen (72 / 24 = 3) haben."
"Numbers and operations","Expanding number relationships and number spaces","F","Berechne den Wert von 3 hoch 4 und ziehe dann die Quadratwurzel von 64 von diesem Ergebnis ab.","Hier ist die Schritt-für-Schritt-Lösung:

1. **Berechne 3 hoch 4 (3⁴):**  Das bedeutet 3 mal 3 mal 3 mal 3.  3⁴ = 81

2. **Berechne die Quadratwurzel von 64 (√64):**  Welche Zahl multipliziert mit sich selbst ergibt 64? Die Antwort ist 8 (da 8 * 8 = 64).

3. **Subtrahiere die Quadratwurzel von 64 vom Ergebnis von 3 hoch 4:**  81 - 8 = 73

**Das Endergebnis ist also 73.**"
"Numbers and operations","Expanding number relationships and number spaces","F","Wenn die Fläche eines quadratischen Gartens 81 Quadratfuß beträgt, finde die Länge einer Seite des Gartens.","Die Fläche eines Quadrats berechnet sich mit der Formel: Fläche = Seite * Seite  oder  Fläche = Seite².

Da die Fläche des Gartens 81 Quadratfuß beträgt kannst du die Gleichung aufstellen:

81 = Seite²

Um die Länge einer Seite zu finden musst du die Quadratwurzel aus 81 ziehen:

Seite = √81

Die Quadratwurzel aus 81 ist 9.

Daher ist die Länge einer Seite des quadratischen Gartens **9 Fuß**."
"Numbers and operations","Expanding number relationships and number spaces","F","Bestimme die Summe der Werte, die durch das Ziehen der Quadratwurzel von 49 und das Erheben von 2 in die Potenz von 5 erhalten werden.","Die Aufgabe besteht aus zwei Teilen:

1. **Die Quadratwurzel von 49 bestimmen:**  Die Quadratwurzel einer Zahl ist die Zahl die mit sich selbst multipliziert die ursprüngliche Zahl ergibt.  Die Quadratwurzel von 49 ist 7 da 7 * 7 = 49.

2. **2 in die Potenz von 5 erheben:**  Dies bedeutet 2 fünfmal mit sich selbst zu multiplizieren: 2⁵ = 2 * 2 * 2 * 2 * 2 = 32.

3. **Die Summe berechnen:**  Nun musst du die Ergebnisse der beiden Teilaufgaben addieren: 7 + 32 = 39

**Die Summe der Werte ist also 39.**"
"Numbers and operations","Expanding number relationships and number spaces","G","Ein Modell eines Wolkenkratzers wird im Maßstab 1:250 gebaut. Wenn die tatsächliche Höhe des Wolkenkratzers 300 Meter beträgt, wie hoch ist das Modell in Zentimetern?","Der Maßstab 1:250 bedeutet dass 1 Einheit im Modell 250 Einheiten in der Realität entspricht.  Da die reale Höhe des Wolkenkratzers 300 Meter beträgt musst du diese Höhe durch den Maßstab teilen um die Höhe des Modells zu erhalten:

300 Meter / 250 = 1.2 Meter

Da die Frage nach der Höhe in Zentimetern fragt musst du die Höhe in Metern in Zentimeter umrechnen.  Da 1 Meter 100 Zentimeter sind:

1.2 Meter * 100 Zentimeter/Meter = 120 Zentimeter

Das Modell des Wolkenkratzers ist also **120 Zentimeter** hoch."
"Numbers and operations","Expanding number relationships and number spaces","G","Ein Rezept für einen großen Kuchen benötigt 3 Tassen Mehl für jede 2 Tassen Zucker; wenn ein Bäcker 6 Tassen Mehl verwenden möchte, wie viele Tassen Zucker benötigt er dann?","Das Verhältnis von Mehl zu Zucker ist 3:2.  Das bedeutet für jede 3 Tassen Mehl werden 2 Tassen Zucker benötigt.

Um die benötigte Zuckermenge für 6 Tassen Mehl zu berechnen kannst du einen Dreisatz verwenden:

**Methode 1: Dreisatz**

* **Schritt 1:** Finde den Faktor mit dem das Mehl multipliziert wurde: 6 Tassen Mehl / 3 Tassen Mehl = 2
* **Schritt 2:** Multipliziere die Zuckermenge mit dem gleichen Faktor: 2 Tassen Zucker * 2 = 4 Tassen Zucker

Der Bäcker benötigt also **4 Tassen Zucker**.


**Methode 2: Verhältnisgleichung**

Du kannst auch eine Verhältnisgleichung aufstellen:

* Mehl : Zucker = 3 : 2
* 6 : x = 3 : 2

Um x zu lösen kannst du kreuzweise multiplizieren:

* 3 * x = 6 * 2
* 3x = 12
* x = 12 / 3
* x = 4

Der Bäcker benötigt also **4 Tassen Zucker**.


Beide Methoden führen zum gleichen Ergebnis.  Die Methode die dir am verständlicher erscheint ist die richtige für dich."
"Numbers and operations","Expanding number relationships and number spaces","G","Eine Karte verwendet einen Maßstab, bei dem 1 Zoll 30 Meilen entspricht; wenn zwei Städte auf der Karte 5 Zoll voneinander entfernt sind, wie groß ist die tatsächliche Entfernung zwischen ihnen in Meilen?","Der Maßstab der Karte besagt dass 1 Zoll auf der Karte 30 Meilen in der Realität entspricht.  Das ist ein Verhältnis von 1:30.

Um die tatsächliche Entfernung zwischen den beiden Städten zu berechnen musst du dieses Verhältnis verwenden:

* **Schritt 1:  Verhältnis aufstellen:** Das Verhältnis ist 1 Zoll / 30 Meilen = 5 Zoll / x Meilen  (wobei ""x"" die unbekannte tatsächliche Entfernung ist).

* **Schritt 2: Kreuzmultiplikation:** Um x zu finden multiplizierst du kreuzweise: 1 Zoll * x Meilen = 5 Zoll * 30 Meilen

* **Schritt 3: Gleichung lösen:** Das ergibt x = 150 Meilen.

Die tatsächliche Entfernung zwischen den beiden Städten beträgt also **150 Meilen**."
"Numbers and operations","Applying calculation strategies","D","Eine lokale Buchhandlung hat letzten Monat 237 Bücher und diesen Monat 185 Bücher verkauft; schätze die Gesamtzahl der verkauften Bücher, indem du auf die nächstgelegene Zehnerstelle rundest.","Um die Gesamtzahl der verkauften Bücher zu schätzen rundest du zunächst die Anzahl der verkauften Bücher in jedem Monat auf die nächste Zehnerstelle und addierst dann die gerundeten Zahlen.

1. **Runden auf die nächste Zehnerstelle:**

* 237 wird auf 240 gerundet (da die Einerziffer 7 größer oder gleich 5 ist).
* 185 wird auf 190 gerundet (da die Einerziffer 5 größer oder gleich 5 ist).

2. **Addition der gerundeten Zahlen:**

* 240 + 190 = 430

Die geschätzte Gesamtzahl der verkauften Bücher beträgt also **430**."
"Numbers and operations","Applying calculation strategies","D","Ein Bauer hat 489 Äpfel und plant, 275 Äpfel zu verschenken; schätze, wie viele Äpfel er übrig haben wird, indem du auf die nächstliegende Zehnerstelle rundest.","Um die Aufgabe zu lösen musst du zunächst die Anzahl der Äpfel die der Bauer verschenken will auf die nächste Zehnerstelle runden.

1. **Runden auf Zehner:** 275 wird aufgerundet zu 280 (da die Einerziffer 5 oder größer ist).

2. **Subtraktion:** Subtrahiere die gerundete Anzahl der verschenkten Äpfel von der Gesamtzahl der Äpfel: 489 - 280 = 209

Daher wird der Bauer schätzungsweise **209** Äpfel übrig haben.  Das ist eine Schätzung da wir die Anzahl der verschenkten Äpfel gerundet haben."
"Numbers and operations","Applying calculation strategies","D","Während einer Schulspendenaktion sammelten die Schüler 1248 $ und gaben 673 $ aus; schätzen Sie den insgesamt verbleibenden Betrag, indem Sie auf die nächste Zehnerstelle runden.","Um den verbleibenden Betrag zu schätzen müssen wir zuerst den Spendenbetrag und den Ausgabenbetrag auf die nächste Zehnerstelle runden.

1. **Spenden:** Der Spendenbetrag beträgt 1248 $.  Die Einerziffer ist 8 also runden wir auf die nächste Zehnerstelle auf: 1250 $.

2. **Ausgaben:** Der Ausgabenbetrag beträgt 673 $. Die Einerziffer ist 3 also runden wir auf die nächste Zehnerstelle ab: 670 $.

3. **Differenz:**  Nun subtrahieren wir den gerundeten Ausgabenbetrag vom gerundeten Spendenbetrag: 1250 $ - 670 $ = 580 $.

**Der geschätzte verbleibende Betrag beträgt also 580 $.**"
"Numbers and operations","Applying calculation strategies","E","Jenna hat \(\frac{2}{3}\) einer Pizza und ihre Freundin gibt ihr \(\frac{1}{4}\) einer Pizza; wie viel Pizza hat Jenna jetzt?","Um herauszufinden wie viel Pizza Jenna insgesamt hat musst du die beiden Bruchteile addieren:  ⅔ + ¼.  Da die Bruchteile unterschiedliche Nenner haben müssen wir sie zuerst auf einen gemeinsamen Nenner bringen.

Der kleinste gemeinsame Nenner von 3 und 4 ist 12.  Deshalb wandeln wir die Brüche um:

* ⅔ wird zu  ⁸/₁₂ (weil 2 x 4 = 8 und 3 x 4 = 12)
* ¼ wird zu ³/₁₂ (weil 1 x 3 = 3 und 4 x 3 = 12)

Nun addieren wir die Brüche mit dem gleichen Nenner:

⁸/₁₂ + ³/₁₂ = ¹¹/₁₂

Jenna hat also **¹¹/₁₂** einer Pizza."
"Numbers and operations","Applying calculation strategies","E","Ein Rezept benötigt \(\frac{5}{6}\) Tasse Zucker, aber Jerry hat nur \(\frac{1}{3}\) Tasse; wie viel mehr Zucker muss er sammeln?","Um herauszufinden wie viel mehr Zucker Jerry braucht musst du die benötigte Menge an Zucker (5/6 Tasse) von der Menge abziehen die er bereits hat (1/3 Tasse).  Da die Brüche unterschiedliche Nenner haben musst du sie zuerst auf einen gemeinsamen Nenner bringen.

Der kleinste gemeinsame Nenner von 6 und 3 ist 6.

* **Wandle 1/3 in einen Bruch mit dem Nenner 6 um:**  Um den Nenner von 3 auf 6 zu bringen musst du ihn mit 2 multiplizieren.  Du musst den Zähler auch mit 2 multiplizieren um den Wert des Bruchs nicht zu verändern.  Das ergibt 2/6.

* **Subtrahiere die Brüche:** Jetzt kannst du 5/6 - 2/6 rechnen.  Subtrahiere die Zähler und behalte den Nenner bei:  (5 - 2) / 6 = 3/6

* **Vereinfache den Bruch (optional):**  Der Bruch 3/6 kann vereinfacht werden indem du Zähler und Nenner durch ihren größten gemeinsamen Teiler (3) teilst.  Das ergibt 1/2.

**Ergebnis:** Jerry muss noch **1/2 Tasse** Zucker sammeln."
